-- MySQL dump 10.13  Distrib 8.0.22, for macos10.15 (x86_64)
--
-- Host: 127.0.0.1    Database: boardgame
-- ------------------------------------------------------
-- Server version	8.0.24

/*!40101 SET @OLD_CHARACTER_SET_CLIENT=@@CHARACTER_SET_CLIENT */;
/*!40101 SET @OLD_CHARACTER_SET_RESULTS=@@CHARACTER_SET_RESULTS */;
/*!40101 SET @OLD_COLLATION_CONNECTION=@@COLLATION_CONNECTION */;
/*!50503 SET NAMES utf8 */;
/*!40103 SET @OLD_TIME_ZONE=@@TIME_ZONE */;
/*!40103 SET TIME_ZONE='+00:00' */;
/*!40014 SET @OLD_UNIQUE_CHECKS=@@UNIQUE_CHECKS, UNIQUE_CHECKS=0 */;
/*!40014 SET @OLD_FOREIGN_KEY_CHECKS=@@FOREIGN_KEY_CHECKS, FOREIGN_KEY_CHECKS=0 */;
/*!40101 SET @OLD_SQL_MODE=@@SQL_MODE, SQL_MODE='NO_AUTO_VALUE_ON_ZERO' */;
/*!40111 SET @OLD_SQL_NOTES=@@SQL_NOTES, SQL_NOTES=0 */;

--
-- Table structure for table `categories`
--

DROP TABLE IF EXISTS `categories`;
/*!40101 SET @saved_cs_client     = @@character_set_client */;
/*!50503 SET character_set_client = utf8mb4 */;
CREATE TABLE `categories` (
  `categoryId` int NOT NULL COMMENT '流水號',
  `categoryName` varchar(100) CHARACTER SET utf8mb4 COLLATE utf8mb4_unicode_ci NOT NULL COMMENT '類別名稱',
  `categoryParentId` int DEFAULT '0' COMMENT '上層編號',
  `created_at` datetime NOT NULL DEFAULT CURRENT_TIMESTAMP COMMENT '新增時間',
  `updated_at` datetime NOT NULL DEFAULT CURRENT_TIMESTAMP ON UPDATE CURRENT_TIMESTAMP COMMENT '更新時?',
  PRIMARY KEY (`categoryId`)
) ENGINE=InnoDB DEFAULT CHARSET=utf8mb4 COLLATE=utf8mb4_unicode_ci COMMENT='類別資料表';
/*!40101 SET character_set_client = @saved_cs_client */;

--
-- Dumping data for table `categories`
--

LOCK TABLES `categories` WRITE;
/*!40000 ALTER TABLE `categories` DISABLE KEYS */;
INSERT INTO `categories` VALUES (1,'卡牌星球',0,'2021-05-10 15:00:04','2021-07-02 10:07:36'),(2,'策略星球',0,'2021-05-10 15:10:22','2021-07-02 10:07:38'),(3,'派對星球',0,'2021-05-10 15:10:34','2021-07-02 10:07:39'),(4,'情境星球',0,'2021-05-10 15:10:39','2021-07-02 10:07:41'),(5,'親子星球',0,'2021-05-10 15:10:42','2021-07-02 10:07:45'),(6,'陣營星球',0,'2021-05-10 15:10:49','2021-07-02 10:07:47'),(7,'合作星球',0,'2021-05-10 15:10:56','2021-07-02 10:07:49');
/*!40000 ALTER TABLE `categories` ENABLE KEYS */;
UNLOCK TABLES;

--
-- Table structure for table `delivery_types`
--

DROP TABLE IF EXISTS `delivery_types`;
/*!40101 SET @saved_cs_client     = @@character_set_client */;
/*!50503 SET character_set_client = utf8mb4 */;
CREATE TABLE `delivery_types` (
  `deliveryTypeId` int NOT NULL COMMENT '流水號',
  `deliveryTypeName` varchar(100) CHARACTER SET utf8mb4 COLLATE utf8mb4_unicode_ci NOT NULL COMMENT '配送方式',
  `created_at` datetime NOT NULL DEFAULT CURRENT_TIMESTAMP COMMENT '新增時間',
  `updated_at` datetime NOT NULL DEFAULT CURRENT_TIMESTAMP ON UPDATE CURRENT_TIMESTAMP COMMENT '更新時間',
  PRIMARY KEY (`deliveryTypeId`)
) ENGINE=InnoDB DEFAULT CHARSET=latin1;
/*!40101 SET character_set_client = @saved_cs_client */;

--
-- Dumping data for table `delivery_types`
--

LOCK TABLES `delivery_types` WRITE;
/*!40000 ALTER TABLE `delivery_types` DISABLE KEYS */;
INSERT INTO `delivery_types` VALUES (1,'超商取貨','2021-07-02 16:40:36','2021-07-02 16:40:36'),(2,'宅配到府','2021-07-02 16:40:36','2021-07-02 16:40:36');
/*!40000 ALTER TABLE `delivery_types` ENABLE KEYS */;
UNLOCK TABLES;

--
-- Table structure for table `favlist`
--

DROP TABLE IF EXISTS `favlist`;
/*!40101 SET @saved_cs_client     = @@character_set_client */;
/*!50503 SET character_set_client = utf8mb4 */;
CREATE TABLE `favlist` (
  `favId` int NOT NULL COMMENT '最愛編號',
  `userId` int NOT NULL COMMENT '會員編號',
  `itemId` int NOT NULL COMMENT '商品編號',
  `created_at` datetime NOT NULL DEFAULT CURRENT_TIMESTAMP COMMENT '新增時間',
  `updated_at` datetime NOT NULL DEFAULT CURRENT_TIMESTAMP COMMENT '更新時間',
  PRIMARY KEY (`favId`)
) ENGINE=InnoDB DEFAULT CHARSET=utf8mb4 COLLATE=utf8mb4_unicode_ci;
/*!40101 SET character_set_client = @saved_cs_client */;

--
-- Dumping data for table `favlist`
--

LOCK TABLES `favlist` WRITE;
/*!40000 ALTER TABLE `favlist` DISABLE KEYS */;
INSERT INTO `favlist` VALUES (1,1,2,'2021-07-04 01:09:29','2021-07-04 01:09:29'),(2,1,4,'2021-07-04 01:09:50','2021-07-04 01:09:50'),(3,1,20,'2021-07-04 01:09:50','2021-07-04 01:09:50');
/*!40000 ALTER TABLE `favlist` ENABLE KEYS */;
UNLOCK TABLES;

--
-- Table structure for table `item_lists`
--

DROP TABLE IF EXISTS `item_lists`;
/*!40101 SET @saved_cs_client     = @@character_set_client */;
/*!50503 SET character_set_client = utf8mb4 */;
CREATE TABLE `item_lists` (
  `itemListId` int NOT NULL COMMENT '流水號',
  `orderId` int NOT NULL COMMENT '訂單編號',
  `itemId` int NOT NULL COMMENT '商品編號',
  `checkPrice` int NOT NULL COMMENT '結帳時單價',
  `checkQty` tinyint NOT NULL COMMENT '結帳時數量',
  `checkSubtotal` int NOT NULL COMMENT '結帳時小計',
  `created_at` datetime NOT NULL DEFAULT CURRENT_TIMESTAMP COMMENT '新增時間',
  `updated_at` datetime NOT NULL DEFAULT CURRENT_TIMESTAMP ON UPDATE CURRENT_TIMESTAMP COMMENT '更新時間',
  PRIMARY KEY (`itemListId`)
) ENGINE=InnoDB DEFAULT CHARSET=utf8mb4 COLLATE=utf8mb4_unicode_ci COMMENT='訂單中的商品列表';
/*!40101 SET character_set_client = @saved_cs_client */;

--
-- Dumping data for table `item_lists`
--

LOCK TABLES `item_lists` WRITE;
/*!40000 ALTER TABLE `item_lists` DISABLE KEYS */;
/*!40000 ALTER TABLE `item_lists` ENABLE KEYS */;
UNLOCK TABLES;

--
-- Table structure for table `items`
--

DROP TABLE IF EXISTS `items`;
/*!40101 SET @saved_cs_client     = @@character_set_client */;
/*!50503 SET character_set_client = utf8mb4 */;
CREATE TABLE `items` (
  `itemId` int NOT NULL COMMENT '流水號',
  `itemName` varchar(100) CHARACTER SET utf8mb4 COLLATE utf8mb4_unicode_ci NOT NULL COMMENT '商品名稱',
  `itemImg` varchar(1000) COLLATE utf8mb4_unicode_ci NOT NULL COMMENT '商品照片路徑',
  `itemPrice` int NOT NULL COMMENT '商品價格',
  `itemQty` tinyint NOT NULL COMMENT '商品數量',
  `itemCategoryId` int NOT NULL COMMENT '商品種類編號',
  `itemDescription` varchar(1000) CHARACTER SET utf8mb4 COLLATE utf8mb4_unicode_ci NOT NULL COMMENT '	商品內容',
  `created_at` datetime NOT NULL DEFAULT CURRENT_TIMESTAMP COMMENT '新增時間',
  `updated_at` datetime NOT NULL DEFAULT CURRENT_TIMESTAMP ON UPDATE CURRENT_TIMESTAMP COMMENT '更新時間'
) ENGINE=InnoDB DEFAULT CHARSET=utf8mb4 COLLATE=utf8mb4_unicode_ci COMMENT='商品列表';
/*!40101 SET character_set_client = @saved_cs_client */;

--
-- Dumping data for table `items`
--

LOCK TABLES `items` WRITE;
/*!40000 ALTER TABLE `items` DISABLE KEYS */;
INSERT INTO `items` VALUES (1,'矮人十兄弟','https://uploads-ssl.webflow.com/575714cc825e8dbc6c83b98a/5ab8efcaff9c8bac62cecb91_10%20Dwarves_Box_CH_BOX_3D.jpg',120,10,1,'這些礦工矮人們整天在坑道中挖掘寶石，雖然累積的財富無數，但長年灰頭土臉，生活習慣相當糟糕，衛生兩字他們從沒聽過。自從白雪公主來了以後，豐盛的晚餐上桌前，必定要求他們將手洗淨，但是，頑固的矮人們由於長相穿著都很相似，經常魚目混珠、瞞騙公主。聰明的公主在他們的帽子繡上編號，一個個點名檢查，一旦排序錯誤，公主就會大發雷霆，矮人們就甭想吃晚餐了！快幫幫這些糊塗又頑固的矮人們依序排隊洗手，上桌吃頓豐盛的晚餐吧！這是一款團隊合作遊戲，所有的玩家要在有限的回合中，傳達有效的資訊給其他玩家，讓矮人們依編號出現，贏得一頓豐盛的晚餐。\r','0000-00-00 00:00:00','0000-00-00 00:00:00'),(2,'13道線索','https://uploads-ssl.webflow.com/575714cc825e8dbc6c83b98a/5c1db685fd28a72741e82787_13Clues_Box.jpg',990,10,1,'數起兇殘的犯罪案件震驚了1899年的倫敦，謎樣的案情掩蓋了真相，蘇格蘭警場在黑暗中摸索，號召一群優秀的偵探前來協助破案。每位偵探必須利用敏銳的直覺，從13道線索中找出蛛絲馬跡，負責解開自己的謎題，比其他人更快偵破自己的案件！\r','0000-00-00 00:00:00','0000-00-00 00:00:00'),(3,'504','https://uploads-ssl.webflow.com/575714cc825e8dbc6c83b98a/5ab8efdaff9c8b7b26cecb99_504_Box_3D.jpg',2650,10,1,'本遊戲提供504種不同的玩法！九個不同的遊戲模組，造就504種不同的規則組合！\r','0000-00-00 00:00:00','0000-00-00 00:00:00'),(4,'數字急轉彎','https://uploads-ssl.webflow.com/575714cc825e8dbc6c83b98a/5e9538f619faa7557041501a_789_Box_3D_2019.jpg',390,10,1,'快速又有趣的數字運算！這遊戲和數1、2、3一樣簡單！玩家們要把牌堆最上面的紙牌加減1、2或3，如果手上有一樣數字的牌，就可以打出來。這聽起來很簡單，但是遊戲過程中可是全部的玩家同時搶著出牌，所以可以出的牌會一直改變，動作慢了點，可就沒得出囉！第一個將紙牌出完的人獲勝！\r','0000-00-00 00:00:00','0000-00-00 00:00:00'),(5,'數急字轉彎','https://uploads-ssl.webflow.com/575714cc825e8dbc6c83b98a/604f16d886d7679a7a3f6009_7%20date%209_CN_Box_3D.jpg',390,10,1,'觀察中央牌堆最上面的紙牌，算出該牌上乘法算式的答案（積），你手牌中若有黃色數字與答案的個位數或十位數相同，立即將牌打出在中央牌堆上。這聽起來很簡單，但是遊戲過程中是全部的玩家同時搶著出牌，所以可以出的牌會一直改變，動作慢了點，可就沒得出囉！第一個將紙牌出完的人獲勝！\r','0000-00-00 00:00:00','0000-00-00 00:00:00'),(6,'妙廚上菜','https://uploads-ssl.webflow.com/575714cc825e8dbc6c83b98a/5e796b529b31cfa64cabc365_AlaCarte_Box_2019.jpg',1490,10,1,'料理界的奇觀！大家都知道，人多手雜就會壞了事。在『妙廚上菜』這款遊戲中，玩家們在嘶嘶作響的爐火上烹煮料理，並暗自期望著與自己爭奪大廚職位的對手們，會端出太鹹而且毫無價值的菜餚。當每一位玩家都在關心爐火是否完美時，你還必須發揮超級手感來灑上完美而正確的香料組合；燒焦或是過度調味的料理，只能塞滿垃圾桶而已。唯有能掌控在廚房中所有的危機與風險的玩家，才能成為真正的頂尖大廚。\r','0000-00-00 00:00:00','0000-00-00 00:00:00'),(7,'奶油還是派','https://uploads-ssl.webflow.com/575714cc825e8dbc6c83b98a/5b3b08a4fa3b00d8a47002cd_Sahne_Box.jpg',690,10,1,'聰明媽媽必備小手段：讓一個孩子負責切派，其他的孩子可以先選要吃哪一片，切派的人就會盡量讓每一片大小一樣，即使自己最後才拿，也不吃虧。這個手段在這款遊戲中不見得管用，甚至有可能要反其道而行：你可以用點詭計讓給別人較多的派，但自己在遊戲結束時卻得到較高的分數。聰明地切派並善於察顏觀色，才能讓你成為最終的贏家。\r','0000-00-00 00:00:00','0000-00-00 00:00:00'),(8,'搶尾刀','https://uploads-ssl.webflow.com/575714cc825e8dbc6c83b98a/5ab8f018ff9c8be262cecbc5_Absacker_BOX_3D.jpg',390,10,1,'想來點睡前的輕鬆寧靜遊戲嗎？玩家依序出一、二或三張牌以湊成一排，當一排中有三張「3」、四張「4」、五張「5」、六張「6」或七張「7」時，這排便完成了。你獲得你所完成的那排中所有的紙牌。遊戲結束時，擁有最多牌的玩家獲勝。簡單的規則讓全家大小輕鬆上手，享受寧靜的刀光劍影！\r','0000-00-00 00:00:00','0000-00-00 00:00:00'),(9,'不在場證明','https://uploads-ssl.webflow.com/575714cc825e8dbc6c83b98a/5ab8f09de294a009d647806b_Alibi_Box_3D.jpg',390,10,1,'昨天午夜發生了謀殺案，刑事組從檔案中過濾出四位最有可能的嫌疑犯，關鍵線索還是要靠民眾提供，但是目擊證人們所提出的證詞相互矛盾、眾說紛紜！到底誰是兇手？誰會是破案的關鍵證人？緊張！懸疑！刺激！提供最多正確線索的人將贏得勝利。\r','0000-00-00 00:00:00','0000-00-00 00:00:00'),(10,'動物米寶','https://uploads-ssl.webflow.com/575714cc825e8dbc6c83b98a/5f115debd1d64e5fdac3e738_WOODEN%20ANIMAL%20MEEPLES_Play1.jpg',50,10,1,'牛｜黑色｜42mm｜5入\r','0000-00-00 00:00:00','0000-00-00 00:00:00'),(11,'動物疊疊樂 ','https://uploads-ssl.webflow.com/575714cc825e8dbc6c83b98a/5ab8f0d041c091b6fbceed32_AnimaUponAnimal_BOX_3D.jpg',1160,10,1,'動物們想來場特技表演，牠們要堆疊成一座巨大的金字塔，這需要高超的技巧與過人的勇氣！誰能將企鵝放在鱷魚上面，把綿羊放在企鵝上面，再把蛇放在綿羊身上呢？大熊想要站上這金字塔頂端，但是這高度著實使牠頭暈目眩！一款搖搖晃晃的堆疊遊戲，也可以一個人玩喔！\r','0000-00-00 00:00:00','0000-00-00 00:00:00'),(12,'諾亞鬧方舟','https://uploads-ssl.webflow.com/575714cc825e8dbc6c83b98a/5ab8f0f11f33705d64d77edf_AoB_Box_3D.jpg',990,10,1,'每位玩家都擁有一艘自己的方舟，並要盡量載運最多的動物。\r','0000-00-00 00:00:00','0000-00-00 00:00:00'),(13,'水瓶座','https://uploads-ssl.webflow.com/575714cc825e8dbc6c83b98a/5ab8f0fedc7441512652764e_Aquarius_Box_3D.jpg',490,10,1,'如何瞞過對手，讓手中任務牌指定的元素七張相互連結？孩子們喜歡顏色豐富的設計、輕快的節奏及尋找相似配對的遊戲策略；大人們則酷愛遊戲過程中激烈的競爭。這是一款老少咸宜的家庭紙牌遊戲，發完牌後悄悄計劃如何移動你的元素牌，千萬別以為自己快贏了⋯⋯恐怕任務牌就要被調包囉！\r','0000-00-00 00:00:00','0000-00-00 00:00:00'),(14,'搖搖蘋果樹','https://uploads-ssl.webflow.com/575714cc825e8dbc6c83b98a/5b3b0765e4d6c0ca60154f9d_ArbosApfel_Box_Seal.jpg',1490,10,1,'一棵小樹需要大家悉心照顧，才能枝繁葉茂！但有時天不從人願，狂風或暴雨將枝葉果實掃落一地，必須收拾乾淨，等待恢復平靜，讓它們重返枝頭。率先將手上所有的枝葉果實插在樹上的玩家獲勝！‍本遊戲為榮獲2000年德國年度兒童遊戲獎冠軍的「搖搖樹」之進化版本。搭配35張紙牌來進行進階版遊戲，讓參與的老老少少體驗更驚險刺激的種樹達人賽！‍木製配件來自德國，每個細節都由手工打磨完成！\r','0000-00-00 00:00:00','0000-00-00 00:00:00'),(15,'艾亞 生命之源','https://uploads-ssl.webflow.com/575714cc825e8dbc6c83b98a/5ab8f119ff9c8b7a1aceccc2_AYA_Box_3D.jpg',990,10,1,'歡迎來到河川之神Aya的世界。你將沿著河川踏上一場尋求大自然瑰寶的旅程，並驚歎於沿途浮現的壯麗風景與動物。\r','0000-00-00 00:00:00','0000-00-00 00:00:00'),(16,'平衡天使','https://uploads-ssl.webflow.com/575714cc825e8dbc6c83b98a/5ab8f125ff9c8b071bceccc8_Bamboleo_Box_3D.jpg',1990,10,1,'平衡天使是給所有重力學專家，及所有想要成為這方面專家的人的一款極富技巧性的遊戲！一片放在基座上的木盤承載了25個積木，玩家們輪流從木盤上拿取一個積木，依重力法則，平衡天使會讓木盤以你想像不到的方式傾斜。平衡天使是適合闔家進行的平衡挑戰，參與遊戲或旁觀都十分有趣。\r','0000-00-00 00:00:00','0000-00-00 00:00:00'),(17,'猩戰','https://uploads-ssl.webflow.com/575714cc825e8dbc6c83b98a/5ab8f13ef866da4f04167c76_Banana%20bandits_Box_3D.jpg',1160,10,1,'香蕉大盜首領正計劃在退休前選出一位得力助手成為他的繼任人，首領向他們宣佈誰先成功獲取三個香蕉金幣，使可成為下一任的首領。香蕉金幣需藉由搶奪其他對手存有的猩猩貨幣轉化而成，所以大家須盡力擊打對手並搶套他們的猩猩貨幣，一場激烈的「猩戰」即將展開！\r','0000-00-00 00:00:00','0000-00-00 00:00:00'),(18,'巴撒利市集','https://uploads-ssl.webflow.com/575714cc825e8dbc6c83b98a/5c1d105876d7bf1ebf6ee2c6_Basari_Box_3D.jpg',490,10,1,'高超的談判技巧讓你叱咤商場！每位玩家為了獲得珍貴的寶石，秘密地挑選一項行動，若你是唯一選擇該種行動的玩家，立刻執行吧！若有兩位玩家選擇同一項行動，必須進行競價來決定由誰執行。在巴撒利市集，體驗刺激、緊湊、高度互動，但又簡單易學的談判交易遊戲！\r','0000-00-00 00:00:00','0000-00-00 00:00:00'),(19,'南北戰線','https://uploads-ssl.webflow.com/575714cc825e8dbc6c83b98a/5ab8f1b2ff9c8ba10ececd0c_Battle%20Line_Box_CH.jpg',490,10,1,'古代打仗都在雙方擺好有組織的陣式後才開戰，雙方領導人指示其部隊沿著戰線取得戰略優勢，壓倒對手的中軍、突破對方的側翼或堅守陣營，等到時機成熟，採取果斷的行動，一舉殲滅敵人。如何帶領你的部隊才能在南北戰線獲得勝利？\r','0000-00-00 00:00:00','0000-00-00 00:00:00'),(20,'尋尋蜜蜜','https://uploads-ssl.webflow.com/575714cc825e8dbc6c83b98a/5def4e46f8202977d18851ac_BeeSmart_BOX_3D.jpg',390,10,2,'小蜜蜂嗡嗡～若想獲得最多的蜂蜜，就得眼明手快，找到最多與擲骰結果同色的花朵，讓你的小蜜蜂採集最多的花蜜。到底哪裡才是最佳位置？甜美的蜂蜜等著你們喔！\r','0000-00-00 00:00:00','0000-00-00 00:00:00'),(21,'比基尼','https://uploads-ssl.webflow.com/575714cc825e8dbc6c83b98a/5f844bed41a0f4d53487ff76_BG%20BIKINI_Play1.jpg',100,10,2,'・綑綁遊戲盒、板塊、書籍\r','0000-00-00 00:00:00','0000-00-00 00:00:00'),(22,'黑喵傑克','https://uploads-ssl.webflow.com/575714cc825e8dbc6c83b98a/5c1cac3b77d1f6873d0ee2c7_BlackJacky_Box.jpg',490,10,2,'日正當中，決鬥開始！ 究竟誰能贏得這場賭局呢？黑喵傑克跟他的毛朋友們，在這個遊戲中讓老鼠們跳跳舞。玩家試著讓自己的老鼠牌總值盡量接近21，不只要玩遊戲，還要耍耍其他人，撐到最後的玩家獲勝。\r','0000-00-00 00:00:00','0000-00-00 00:00:00'),(23,'血契獵殺','https://uploads-ssl.webflow.com/575714cc825e8dbc6c83b98a/5ab8f1bce92abf9f316d91e6_Blood_Bound_Box_3D.jpg',690,10,2,'血族戰爭已經結束，只有少數幸運者幸存，你可以聚集起自己的信徒並找出敵對氏族的族長嗎？\r','0000-00-00 00:00:00','0000-00-00 00:00:00'),(24,'種豆','https://uploads-ssl.webflow.com/575714cc825e8dbc6c83b98a/5e796995c86c010367896846_Bohnanza_Box_2019.jpg',490,10,2,'種豆真能得豆嗎？一場農夫間的割喉交易戰！農家樂作者 Uwe Rosenberg 早期創意驚奇之作！種豆子這件事情出乎意料的有趣！遊戲中擁有的豆子田，總是不夠容納所有你要種的豆子，因此經常要收割豆子賣掉後再種其他的豆子。賣豆子時，同一種豆子越多越賺錢，太少的豆子會連1毛錢都賺不到。因此，你要盡可能用手上不想要的豆子，跟其他玩家換得你想種的豆子。藉由巧妙的交易手腕，對其他玩家略施小惠，以賺得更多的金幣，金幣最多的玩家獲勝。\r','0000-00-00 00:00:00','0000-00-00 00:00:00'),(25,'你炸我彈他','https://uploads-ssl.webflow.com/575714cc825e8dbc6c83b98a/5d1c01a5d9148d107e01c93c_BOOOOOM_Box_3D.jpg',890,10,2,'這是個與和平完全無關的遊戲，也扯不上公平正義。遊戲中完全展現弱肉強食的黑暗面，善用手牌，將其他玩家炸死，讓自己成為唯一倖存的玩家，以獲得勝利。但是，黑暗中總是有著光明，在極端的環境下，你是否能看見人性中善良的曙光在若隱若現…1. 選擇丟骰或出牌2. A.三個SAFE以上可獲得手牌。B.不到三個SAFE，會得到一點傷害，三點傷害則死亡。3. 按照卡片上的功能執行動作，每張卡片的功能都不一樣唷！\r','0000-00-00 00:00:00','0000-00-00 00:00:00'),(26,'爭牆鬥勝','https://uploads-ssl.webflow.com/575714cc825e8dbc6c83b98a/5ab8f218f866da0ddc1680d9_BRIX_BOX_3D_SEAL.jpg',690,10,2,'圈圈叉叉在這款策略遊戲中進入新紀元！玩家輪流將方塊組加入牆面，讓結構不斷地擴大。你所放置的每一個方塊組，同時包含對手的符號或顏色，若不仔細規劃你的戰術，你每放一個方塊組，都可能讓對手獲勝！你能找到「一線」生機嗎？\r','0000-00-00 00:00:00','0000-00-00 00:00:00'),(27,'燒錢計畫','https://uploads-ssl.webflow.com/575714cc825e8dbc6c83b98a/5ab8f227ff9c8b19a8cecd5f_BurnRate_box_3D.jpg',590,10,2,'你是新成立的網路公司執行長，資金消耗速度驚人，底下員工都超時工作，而副總都是飯桶，公司的未來全繫於一家線上寵物商店。你究竟能在這場遊戲中存活多久？在燒錢計劃中，你一開始有少量的員工、起始資金及拖垮競爭對手的企劃。明智地使用你的卡片，你可以挖角競爭對手的重要員工或籌募更多資金，但小心避免重蹈那20大網路公司的禁忌：像是免費電腦之類的點子就會讓你的燒錢速度飆高！如果可以幫你再多撐一回合，裁員也別手軟！再撐一下，也許情況就會逆轉？\r','0000-00-00 00:00:00','0000-00-00 00:00:00'),(28,'駱駝大賽','https://uploads-ssl.webflow.com/575714cc825e8dbc6c83b98a/5ab8f249ff9c8b65f4cecd73_Camel_Up_Box_3D.jpg',1320,10,2,'快來見識有史以來最瘋狂的駱駝大賽！尤其是駱駝疊在一起而金字塔倒轉時，場面將會一片混亂、瀕臨失控狀態！身為埃及上流社會的一員，聚集在沙漠中的目的只有一個：下注在你看好的駱駝身上，以分段賽及整場比賽贏得最多的獎金。然而在比賽中不是只靠運氣就能壓倒其他玩家，抓住比賽的節奏和精準掌握下注時機也是贏得比賽不可或缺的能力。一款簡單、快速、極度有趣且最多可讓8名玩家同樂的家庭遊戲。\r','0000-00-00 00:00:00','0000-00-00 00:00:00'),(29,'駱駝大賽','https://uploads-ssl.webflow.com/575714cc825e8dbc6c83b98a/5e282a8b8fc29850b3980b60_CamelUp_2020_BOX.jpg',1490,10,2,'快來見識有史以來最瘋狂的駱駝大賽！身為埃及上流社會的你，來到這裡試試手氣，對自己看好的駱駝下注，以期在分段賽及賽終時贏得最多獎金。然而，互相揹負的駱駝，讓賽況變得更難預測。抓住比賽的節奏，精準掌握下注時機，才是讓你贏錢的關鍵。令人傻眼的是，來了兩名新的選手 —— 逆向奔馳的瘋狂駱駝，儘管立刻喪失了參賽資格，但仍嚴重驚擾了整場賽事⋯⋯讓我們拭目以待這場精彩的比賽！\r','0000-00-00 00:00:00','0000-00-00 00:00:00'),(30,'駱駝大賽超級盃擴充','https://uploads-ssl.webflow.com/575714cc825e8dbc6c83b98a/5ab8f261dc74413e0e5276c3_Camel_Up_SuperCup_Box.jpg',830,10,2,'史上最瘋狂的駱駝大賽現在更加瘋狂了！駱駝將進行更長的賽程，有新加入的骰子助陣，讓駱駝加速衝刺；還有知名攝影師在定點捕捉最誇張的駱駝疊羅漢英姿。主辦單位開發了全新的下注機制，獎金加碼，也讓賽事更為刺激。誰能把握全新良機，成為駱駝大賽的最終贏家呢？包含4個模組，可以自由搭配基本版遊戲使用。本擴充必須搭配「駱駝大賽」基本版方能進行遊戲！包含第9及第10名玩家所須配件！\r','0000-00-00 00:00:00','0000-00-00 00:00:00'),(31,'卡卡人','https://uploads-ssl.webflow.com/575714cc825e8dbc6c83b98a/5f115cca1ffc0e90f02763d1_WOODEN%20CARCAMEN_Play1.jpg',50,10,2,'規格｜16×16×10mm\r','0000-00-00 00:00:00','0000-00-00 00:00:00'),(32,'卡卡頌','https://uploads-ssl.webflow.com/575714cc825e8dbc6c83b98a/5ab8f2a51f33703defd7807f_carcassonne_BOX_3D_2014.jpg',1160,10,2,'卡卡頌是位於法國南部的一座美麗古城，也是中古時代教會對抗異教徒的重鎮 ，這座城堡牢不可破的防禦工事，不論是在當時或今天都堪稱一絕！在一塊塊拼起的版圖中有城堡、道路、草原和修道院，隨著回合的進行，版圖將逐漸擴大。玩家如同中古時代的君王或諸侯，派遣手下去開疆拓土，手下可擔任騎士、強盜、農夫或修士，去建立、管理或佔領城堡、道路、草原和修道院。每拼放一塊版圖，玩家就有機會派遣手下擔任一個角色，如何拼放和派遣才能讓你在遊戲終了時獲得最高的分數？在你發現大好的得分機會時，手中還有可以派遣的手下嗎？\r','0000-00-00 00:00:00','0000-00-00 00:00:00'),(33,'卡卡頌兒童版','https://uploads-ssl.webflow.com/575714cc825e8dbc6c83b98a/5ab8f358dc7441103252770e_CarcKID_Box_3D.jpg',1160,10,2,'法國人每年七月十四日慶祝他們的國慶日。在卡卡頌，人們會在國慶日當天早上把農舍裡的雞、牛、羊都放出來。孩子們的任務就是在天黑之前，把牠們都帶回農舍裡面！卡卡頌兒童版是經典桌上遊戲《卡卡頌》的簡化版本，專為幼兒所設計，去除掉分數計算，但樂趣不減！第一個把所有小孩放到地圖上的人就贏囉！\r','0000-00-00 00:00:00','0000-00-00 00:00:00'),(34,'卡卡頌 非洲旅遊','https://uploads-ssl.webflow.com/575714cc825e8dbc6c83b98a/5c1ca6626dd789a2660948de_CarcSafari_Box.jpg',1160,10,2,'熱帶氣候的高溫籠罩著非洲草原，薰風徐徐，我們來到這片一望無際的草原，希望能看到這裡最受歡迎的大型動物。猴子在樹枝上擺盪，獅子在樹蔭下休憩，大象緩慢的步伐震動著大地，水池邊總是聚集了多種不同的動物，非常值得在一旁靜靜等待，捕捉更多的曼妙身影。這款合作即競爭的策略性版圖遊戲，每次玩都會激盪出不同的策略或同盟關係，除了對圖像的敏感外，開放的合作態度更是致勝的關鍵！\r','0000-00-00 00:00:00','0000-00-00 00:00:00'),(35,'惡魔島','https://uploads-ssl.webflow.com/575714cc825e8dbc6c83b98a/5ab8f364f866da97ec1681fd_Cartagena_Box_3D.jpg',750,10,2,'進入惡魔島的奇異世界，請自由選擇各種規則及劇本組合來進行本遊戲！讓您體驗無盡的可能性！\r','0000-00-00 00:00:00','0000-00-00 00:00:00'),(36,'一網打盡','https://uploads-ssl.webflow.com/575714cc825e8dbc6c83b98a/5ab8f384e294a062fb478412_Cash%20A%20Catch_2015_Box_3D.jpg',830,10,2,'在德國漢堡港口的魚市拍賣中，大盤商叫賣著：「來來來，來買上好的新鮮魚貨啊！首先是兩隻龍蝦⋯⋯再來是兩條鰻魚⋯⋯只賣10元喔！沒有人要？那我再加上一隻龍蝦⋯⋯來了個「偷魚賊」⋯⋯再猶豫就買不到囉！⋯⋯好吧，賠本大放送，加三條比目魚⋯⋯」「叮！」鈴聲響起「成交！」「感謝戴藍色帽子的老闆，一共是10歐元，謝謝您的惠顧。」這是一筆好買賣嗎？只有眼光獨到且下標快狠準的玩家，才能成為賺大錢的魚販喔！\r','0000-00-00 00:00:00','0000-00-00 00:00:00'),(37,'卡坦島','https://uploads-ssl.webflow.com/575714cc825e8dbc6c83b98a/60011bc96c6297c92f1f1f7a_CATAN_Box_2021.jpg',1490,10,2,'自1995年榮獲德國年度遊戲冠軍以來，卡坦島讓全世界無數的人為之瘋狂，流連於這個充滿益智與趣味的遊戲當中。現在，我們歡迎你的加入！扮演勇敢的拓荒者，來到這座不知名的島上，你們叫它卡坦島。創立了第一批的村莊，收集資源，鋪設道路，興建城市，並且透過交易各取所需，解決資源分佈不均的問題。然而卡坦島畢竟是個小島，土地與資源都很有限；當勢力越來越強大，衝突也隨之而來。你是否能從群雄中脫穎而出，稱霸卡坦島？想進入桌上遊戲的世界，一定不能錯過卡坦島！！\r','0000-00-00 00:00:00','0000-00-00 00:00:00'),(38,'卡坦島 大盒版','https://uploads-ssl.webflow.com/575714cc825e8dbc6c83b98a/5d6e533271558823bc1750dd_CATAN_BigBox_BOX_3D.jpg',2480,10,2,'經驗更遼闊的卡坦世界！卡坦島基本版、卡坦島5-6人擴充、4個精彩的卡坦島劇本擴充加上卡坦島骰子版，都收藏在這盒卡坦島大盒版之中！基本版和各劇本皆可加入卡坦島5-6人擴充，供3-6名玩家一同遊玩！每款擴充都為遊戲帶來新的可能性，豐富了卡坦體驗的多樣化！卡坦島帶給數以百萬計的卡坦迷無限的歡樂與刺激！現在全新的卡坦世界正對您敞開大門，邀您一同遨遊！\r','0000-00-00 00:00:00','0000-00-00 00:00:00'),(39,'卡坦島 旅遊版','https://uploads-ssl.webflow.com/575714cc825e8dbc6c83b98a/5a98fa1955afe20001961924_CATAN_komp_3D_BOX.jpg',1320,10,2,'搭火車、山中涼亭小憩或草原野餐，卡坦島旅遊版的精巧設計讓您隨時可以享受卡坦島的樂趣！旅遊版的收納設計不只節省空間，也提供富有變化的遊戲地圖，村莊、道路和城市可以固定在地圖上，即使晃動也不會掉落，骰盒的設計讓人再也不用擔心會弄丟骰子。卡坦島旅遊版攜帶方便，並保有基本版所有的遊戲元素，令人驚豔！\r','0000-00-00 00:00:00','0000-00-00 00:00:00'),(40,'卡坦島 印加崛起','https://uploads-ssl.webflow.com/575714cc825e8dbc6c83b98a/5c3316e711335e59a7c3cc03_CATAN_INKA_BOX_3D.jpg',1650,10,3,'帶領部落所建立的村莊和城市位於南美洲新興的高地，運用當地的特產：魚、古柯葉和羽毛來進行交易，將會帶來豐厚的收入。擴展貿易路線和發展武術，才能帶領部落向前發展、取得成功。過度的發展讓部落快速殞沒，但很快地又有新部落的誕生，滅亡部落釋放出許多建地，您能快速取得這些新的發展契機嗎？ ‍廣受歡迎的卡坦島遊戲機制，在這款主題全然不同的獨立遊戲中，展現更深廣的可能性。‍誰能在這變化莫測的部落征戰中出類拔萃，成為領導印加人崛起的偉大領袖？ \r','0000-00-00 00:00:00','0000-00-00 00:00:00'),(41,'卡坦島 騎士擴充劇本：征服者傳奇','https://uploads-ssl.webflow.com/575714cc825e8dbc6c83b98a/5ceab1e7c0831cc7e66ae6b5_Catan_SuRLeg_Box.jpg',1490,10,3,'卡坦島保衛戰！‍大約在第一批移民來到卡坦島定居的670年後，滿載戰士的卡拉維爾帆船艦隊在島嶼北岸登陸。卡坦島的軍事統帥托嬈必須號召騎士們共同抵禦外侮！將騎士進化為砲兵或騎兵來提高戰力，只要大家同心協力，便能阻擋敵人的挺進。你們能夠在敵人的援軍到達前，殲滅他們的要塞嗎？這是卡坦島危急存亡之秋。本劇本包含三個連續的章節，每個章節必須克服不同的困境，才能保住卡坦島的自由！許多新元素相繼加入，玩家們必須不斷調整策略，才能在激烈的戰況中，擊敗征服者的大軍！戰鬥於焉展開！本擴充並非獨立遊戲須搭配：卡坦島基本版及卡坦島騎士擴充方能進行遊戲。\r','0000-00-00 00:00:00','0000-00-00 00:00:00'),(42,'找尾巴','https://uploads-ssl.webflow.com/575714cc825e8dbc6c83b98a/5ab8f51dc6b5aa33f411030d_Catch%20the%20Butt_cover.jpg',90,10,3,'動物們在湖畔玩捉迷藏，他們把自己的頭和尾藏在不同的地方，你能最先找到同一隻動物的頭和尾嗎？如果你同時擁有「找腦袋」和「找尾巴」，則可以最多8人同享這款遊戲喔！\r','0000-00-00 00:00:00','0000-00-00 00:00:00'),(43,'找腦袋','https://uploads-ssl.webflow.com/575714cc825e8dbc6c83b98a/5ab8f5278d6035812de9240c_Catch%20the%20Head_cover.jpg',90,10,3,'動物們在湖畔玩捉迷藏，他們把自己的頭和尾藏在不同的地方，你能最先找到同一隻動物的頭和尾嗎？如果你同時擁有「找腦袋」和「找尾巴」，則可以最多8人同享這款遊戲喔！\r','0000-00-00 00:00:00','0000-00-00 00:00:00'),(44,'作弊飛蛾','https://uploads-ssl.webflow.com/575714cc825e8dbc6c83b98a/5ab908ebc6b5aa6699111d0d_Mogel%20Motte_BOX_3D.jpg',490,10,3,'作弊不是禁止的嗎？在這款無恥的紙牌遊戲中不是！在這裡，藉由聰明地棄牌以及有技巧地作弊，你努力成為首位擺脫全部紙牌的玩家。這個任務其實相當簡單，如果守衛蟲不在的話⋯⋯\r','0000-00-00 00:00:00','0000-00-00 00:00:00'),(45,'詐賭巫師','https://uploads-ssl.webflow.com/575714cc825e8dbc6c83b98a/5ab8f539987c864eae53c307_Cheaty%20Mages_Box_3D.jpg',590,10,3,'在這個遊戲裡，玩家們是懂得各種咒語的魔法師。在怪物競技賭場裡，只要自己押注的怪物鬥士獲勝，就能得到一大筆賞金。玩家們秘密地使用咒語，想盡辦法讓自己押注的怪物鬥士獲勝。但是競技場的裁判可不會放任不管，在某些情況下強大的咒語反而無法使用。遊戲結束時，由賺到最多錢的玩家獲勝。\r','0000-00-00 00:00:00','0000-00-00 00:00:00'),(46,'查理檢查哨','https://uploads-ssl.webflow.com/575714cc825e8dbc6c83b98a/5ab8f542f9eb2f2ada989176_CHECKPOINT_Box_CH.jpg',590,10,3,'這是一個集觀察、推理與思緒敏捷的遊戲，仔細探索所有的疑嫌犯，透過自己以及其他K9探員所揭露的線索，從中揪出間諜首腦。努力率先抓到間諜首腦，成為查理檢查哨的最佳探員。\r','0000-00-00 00:00:00','0000-00-00 00:00:00'),(47,'精彩馬戲團','https://uploads-ssl.webflow.com/575714cc825e8dbc6c83b98a/5dae7207b1ac1a9bf7f4aedf_CircusGrandioso_Cover.jpg',490,10,3,'疊起來！疊起來！馬戲團今天要表演難以置信的動物雜技金字塔秀！遊戲中，每位玩家都是馴獸師，當你將一隻動物疊在金字塔頂端時，你便是目前最優秀的馴獸師，立即獲得馴獸師指示物。但別高興得太早，一山還有一山高，其他馴獸師的動物可能隨時成為新的塔頂！究竟誰才是最頂尖的馴獸師呢？遊戲結束時，持有馴獸師指示物的玩家獲勝。\r','0000-00-00 00:00:00','0000-00-00 00:00:00'),(48,'變色龍','https://uploads-ssl.webflow.com/575714cc825e8dbc6c83b98a/5ab8f572fc0a92e25bad88e7_Coloretto_CN_Box_3D_2015.jpg',390,10,3,'像變色龍一般，在這個遊戲中，玩家可以多次變換自己喜歡的顏色，但是，所選擇的牌色彩太繽紛，在這款遊戲中可是會帶來扣分的喔！所以，除了要在正確的時間點改變心意，或者拿取牌組外，還要先下手為強喔！\r','0000-00-00 00:00:00','0000-00-00 00:00:00'),(49,'告白','https://uploads-ssl.webflow.com/575714cc825e8dbc6c83b98a/5ab8f578fc0a926536ad88eb_Confession.jpg',90,10,3,'「說謊的人要吞一千根針喔！」來吧！發揮你的想像力、創造力以及邪惡的心機，問出直達核心的問題吧！注意！如果說謊的話，仙人掌可是會處罰你的喔～嘿嘿嘿！桌上遊戲設計師倉木村說：「這是目前我所設計的遊戲中，最喜歡的作品，它僅僅只有10張可愛的仙人掌，卻帶給我與朋友意想不到的樂趣，到現在仍然記得玩這個遊戲時的情景，可說是：『永‧生‧難‧忘！』」。\r','0000-00-00 00:00:00','0000-00-00 00:00:00'),(50,'政變風雲：城邦','https://uploads-ssl.webflow.com/575714cc825e8dbc6c83b98a/5ab8f57ec6b5aaa352110421_Coup_Box_3D.jpg',390,10,3,'你是義大利一個城邦家族之首，這時候正直由一個軟弱和腐敗的朝廷管治，使整個城市充滿著勾心鬥角。你嘗試以操縱、虛張聲勢和賄賂權貴來控制這個城市。\r','0000-00-00 00:00:00','0000-00-00 00:00:00'),(51,'土狼在笑你','https://uploads-ssl.webflow.com/575714cc825e8dbc6c83b98a/5ab8f583c6b5aab93d110425_COYOTE_Box_3D.jpg',830,10,3,'在《土狼在笑你》中，玩家扮演印地安人，每名玩家頭上綁一條有一根「羽毛」的印花頭帶，遊戲的目標就是在不知道自己羽毛內容的情況下，猜出所有羽毛的總值！如果你猜中正確的數值，你就贏得遊戲勝利！但通常你會因吹牛而獲勝，但誰要是吹破牛皮了，就會成為土狼嘲笑的對象！\r','0000-00-00 00:00:00','0000-00-00 00:00:00'),(52,'土狼在笑你 紙牌版','https://uploads-ssl.webflow.com/575714cc825e8dbc6c83b98a/6057fdd453114a5b43cb85c0_COYOTE_CG_Box.jpg',390,10,3,'玩家扮演印地安人各拿一根羽毛，在不知道自己羽毛內容的情況下，猜測所有羽毛數值總和！若猜中正確的數值便有機會獲勝，通常你因吹牛而獲勝，但要是吹破牛皮，就成了土狼嘲笑的對象！\r','0000-00-00 00:00:00','0000-00-00 00:00:00'),(53,'跑跑蛙','https://uploads-ssl.webflow.com/575714cc825e8dbc6c83b98a/5ab8f592fc0a9241a2ad88fd_%E8%B7%91%E8%B7%91%E8%9B%99_Box_3D.jpg',830,10,3,'跳到池塘中，找到最佳路徑，消滅對手的青蛙女王。文字能讓你的青蛙更活躍。雄青蛙？女王很快就來找你啦！產下寶寶能讓你們蛙丁興旺。不過要小心池塘裡的梭魚，牠們可是狠角色！\r','0000-00-00 00:00:00','0000-00-00 00:00:00'),(54,'方塊','https://uploads-ssl.webflow.com/575714cc825e8dbc6c83b98a/5f4cb0a03adb03e78891004e_WOODEN%20CUBES_Play1.jpg',25,10,3,'規格｜8×8×8mm｜價格25元規格｜10×10×10mm｜價格30元規格｜10×10×10mm｜價格35元\r','0000-00-00 00:00:00','0000-00-00 00:00:00'),(55,'終極密碼','https://uploads-ssl.webflow.com/575714cc825e8dbc6c83b98a/5ab8f5acc6b5aa764911055f_DaVinci_Box_3D.jpg',690,10,3,'每位玩家要在自己的數字牌被對手完全猜出前，搶先猜出對手所有的數字牌！但是面對空白的牌背，如何能猜到對手的數字牌呢？玩家雖然只知道自己擁有哪些數字，在遊戲過程中，藉由分析逐漸增加的資訊：其它玩家的猜測、及陸續攤開的牌，慢慢推敲出每張牌正確的數字！\r','0000-00-00 00:00:00','0000-00-00 00:00:00'),(56,'達尼的次人格','https://uploads-ssl.webflow.com/575714cc825e8dbc6c83b98a/5fdacdbaf7c80178a391cccd_DANY_Box_3D.jpg',690,10,3,'扮演達尼的主人格或其中一個次人格。 當達尼的人格們在與記憶捉迷藏時，所有的次人格必須彼此溝通、合作，找出正確答案，以便能繼續存在。達尼則必須在不掲露自己身分的情況下，盡其所能，不讓次人格們得逞，讓雜的聲音永遠從他的腦海中消失。抽象、夢幻世界中的創造、推理、欺騙與溝通。 1. 行動人格秘密選擇一個詞語，用記憶牌勾勒出這個思想。2. 其他人格透過透過溝通試圖找出正確答案，但達尼會從中作梗。3. 公布答案。\r','0000-00-00 00:00:00','0000-00-00 00:00:00'),(57,'記憶黑洞','https://uploads-ssl.webflow.com/575714cc825e8dbc6c83b98a/5ab8f62ba14f103664a5471d_DejaVu_Box_CH.jpg',690,10,3,'「三角錐」剛才應該出現過了吧！？還是，剛才出現的是「工程背心」？玩家必須在某項物品出現第二次後儘快抓取它，但記憶中好像有個黑洞，明明剛才才看過，卻無法確定到底是不是它，每個物品都似曾相識，讓一切變得不真實！在本遊戲中，你將經歷這種奇妙時刻。切記，唯有不被自己的記憶捉弄，才能成為真正的贏家！\r','0000-00-00 00:00:00','0000-00-00 00:00:00'),(58,'妙語偵探社','https://uploads-ssl.webflow.com/575714cc825e8dbc6c83b98a/5dd6ae4ff66c4466a6cd816a_DetectiveClub_Box.jpg',990,10,3,'妙語偵探社再次開放招收新會員，你也收到邀請函，但必須先證明自己是名真正的偵探！透過一張張插畫精美的線索牌，詮釋主持人設定的謎底，玩家扮演偵探，其中有1個局外人不知道謎底為何，他必須觀察其他玩家所出的牌，試著跟隨別人的出牌邏輯而不露出馬腳。偵探們分析所有的線索，傾聽各方的證詞，試著找出那位在瞎扯的局外人，只有細心且機靈的人才能獲得最後的勝利！歡迎加入「妙語偵探社」的行列！\r','0000-00-00 00:00:00','0000-00-00 00:00:00'),(59,'骰子鎮','https://uploads-ssl.webflow.com/575714cc825e8dbc6c83b98a/5ab8f64cc6b5aa855a1105d2_DICETOWN_2016_Box.jpg',1320,10,3,'在骰子鎮裡，任何事情都可能成真！\r','0000-00-00 00:00:00','0000-00-00 00:00:00'),(60,'骰盤','https://uploads-ssl.webflow.com/575714cc825e8dbc6c83b98a/5f8450501056e695dbc38ab7_DICE%20TRAY_Play1.jpg',150,10,4,'・用於擲骰、棄牌、配件暫存、收納生活用品\r','0000-00-00 00:00:00','0000-00-00 00:00:00'),(61,'圓片','https://uploads-ssl.webflow.com/575714cc825e8dbc6c83b98a/5f4e2a08abf78cc7e8ac507a_WOODEN%20DISCS_Play1.jpg',30,10,4,'規格｜15x5mm｜價格30元規格｜15x10mm｜價格50元規格｜20x3.5mm｜價格30元規格｜20x5mm｜價格40元繽紛圓片｜11入．11色各一紅色圓片｜12入黃色圓片｜12入藍色圓片｜12入綠色圓片｜12入黑色圓片｜12入灰色圓片｜12入白色圓片｜12入粉色圓片｜12入紫色圓片｜12入土耳其藍色圓片｜12入\r','0000-00-00 00:00:00','0000-00-00 00:00:00'),(62,'妙語說書人','https://uploads-ssl.webflow.com/575714cc825e8dbc6c83b98a/5ab8f683326fa90eb1e9f903_DIXIT_box_2014_3D.jpg',1100,10,4,'屏氣凝神！插圖即將掀開了！這些插圖都圍繞著一個主題：一段令人費解的句子。但是，這段句子實際上是源於這五張插圖之一，到底是哪一張呢？你要利用天生的才華以及直覺來找到它，同時也要躲開其他玩家所設下的陷阱。Dixit是一款令人感到驚奇、歡樂以及興奮的遊戲，適合讓你與你的家人以及朋友們一起遊戲。\r','0000-00-00 00:00:00','0000-00-00 00:00:00'),(63,'妙語說書人 奧德賽','https://uploads-ssl.webflow.com/575714cc825e8dbc6c83b98a/5ab8f6b0987c861f5953c6c2_DIXIT_Odyssey_Box_CH.jpg',1200,10,4,'妙語說書人：奧德賽是款挑戰你想像力與推理能力的說書人遊戲。遊戲所附的84張精美圖卡都有不同的故事，而且每個人每一次說出的故事都不一樣，讓每場遊戲都充滿全新驚奇。奧德賽是款獨立遊戲，不需要妙語說書人基本版即可進行遊戲。更棒的是，你可以最多12人同時進行遊戲，還可以進行團隊賽！\r','0000-00-00 00:00:00','0000-00-00 00:00:00'),(64,'快閃地精','https://uploads-ssl.webflow.com/575714cc825e8dbc6c83b98a/5caf1b4871210e08422fc816_DoYouGnomeMe_Box_CH.jpg',690,10,4,'你見過這隻地精嗎？地精是一種愛惡作劇的小精靈，他們喜歡將別人的東西藏起來捉弄大家，想要取回你的失物，唯一方法就是抓住罪魁禍首。不幸的是，地精不但身手敏捷，而且擅長隱藏自己的蹤跡！設計巧妙的轉盤，讓你只能驚鴻一瞥地精的模樣，不過，這應該就能讓你描繪出這個搗蛋鬼。他的鬍子長什麼樣？穿什麼鞋？戴什麼帽子？‍組合出最多正確部位的玩家才能得分！\r','0000-00-00 00:00:00','0000-00-00 00:00:00'),(65,'嗒寶','https://uploads-ssl.webflow.com/575714cc825e8dbc6c83b98a/5ab8f6e3987c86099353c6e0_DOBBLE_BOX_3D_2015.jpg',490,10,4,'太奇妙啦！『嗒寶』有5種玩法，包括55張紙牌，每張紙牌上繪有8種符號，任意兩張紙牌上都包含剛好一對相同的符號。你的任務就是找出這對相同的符號。你的眼神夠犀利嗎？你的反應敏捷嗎？來試試身手吧！一款要全速衝刺的歡樂派對遊戲！\r','0000-00-00 00:00:00','0000-00-00 00:00:00'),(66,'嗒寶數與形','https://uploads-ssl.webflow.com/575714cc825e8dbc6c83b98a/5ab8f6e9987c867d2153c6e3_DOBBLE%20123_BOX_3D.jpg',490,10,4,'一款考驗手腦反應的歡樂派對遊戲，辨識數字與形狀，專爲兒童設計！嗒寶數與形，包含30張紙牌，每張紙牌上繪有6種符號，共由30種不同的符號所組成，任意兩張紙牌上都包含剛好一種相同的符號。想要獲勝，你必須在其他玩家之前找到兩張卡牌上相同的數字或圖形。通過尋找這些圖案，幼兒能學會辨識幾何圖形和數字，並認知各種顏色。你能找出這對相同的符號嗎？來試試身手吧！\r','0000-00-00 00:00:00','0000-00-00 00:00:00'),(67,'火線急救室','https://uploads-ssl.webflow.com/575714cc825e8dbc6c83b98a/5ab8f6f4326fa9359de9f942_DoctorPanic_cover.jpg',890,10,4,'你與你的同伴是地區享譽盛名的醫療小組，而小組的目標則是在時間內救治病患並且完成手術。手術中會出現各種難題，而你的小組是否能在12分鐘內將病患從鬼門關拉回來呢？\r','0000-00-00 00:00:00','0000-00-00 00:00:00'),(68,'星球加法','https://uploads-ssl.webflow.com/575714cc825e8dbc6c83b98a/5ab8f7308d6035067de9254c_Dots_Box_3D.jpg',290,10,4,'桌面上的星球卡中共有幾顆彩色的星球呢？儘快輕聲點數，並用手中的5張數字卡（1、2、4、8及16各一張）組合出正確的數字，最快答對的玩家將贏得高分哦！這是一款考驗你是否能眼明手快的數字運算遊戲。包含適合6歲以上玩家的變體規則哦！\r','0000-00-00 00:00:00','0000-00-00 00:00:00'),(69,'都市黑幫','https://uploads-ssl.webflow.com/575714cc825e8dbc6c83b98a/60534b26eb559e6e516ef505_Downtown_Box.jpg',690,10,4,'玩家扮演黑幫老大，招聘小弟，並從包打聽口中獲得情報後，派遣小弟行竊，再將贓物透過銷贓人變現，若偷竊的是現金，必須進行「洗錢」。率先獲得「乾淨」10萬元的玩家獲勝。爾虞我詐、驚險刺激的黑幫老大育成班！\r','0000-00-00 00:00:00','0000-00-00 00:00:00'),(70,'龍灣尋禮','https://uploads-ssl.webflow.com/575714cc825e8dbc6c83b98a/5d025bf509a6a84805443053_DragonMartket_Box.jpg',1160,10,4,'龍灣公主即將在週末大婚，為了這次典禮，你派了店小二去張羅要送給公主的禮物。對店小二來說，這是一場有趣的冒險：在舢舨間奔跑跳躍，在其他店小二的眼皮底下，收集到最好的稀世珍寶。在浮動且擁擠的龍灣中，玩家將店小二從一艘舢舨跳到另一艘上，移動或旋轉舢舨，來收集所須的禮物，率先完成目標的玩家獲勝。\r','0000-00-00 00:00:00','0000-00-00 00:00:00'),(71,'屠龍矮人','https://uploads-ssl.webflow.com/575714cc825e8dbc6c83b98a/5ab8f73f8d60351713e92554_DRAKO_Box_3D.jpg',1250,10,4,'這是一款雙人遊戲。一名玩家率領一隊屠龍矮人，而另一名玩家扮演讓當地居民聞風色變的紅色巨龍。戰鬥發生在巨岩環繞的狹谷，巨龍在谷中落入矮人們的陷阱，使牠的行動受到限制，但盡管如此，巨龍對矮人仍深具威脅。玩家以模型在地圖上進行遊戲，2名玩家各有一組牌庫，而兩組牌庫的內容不同，讓巨龍和矮人以不同的技巧戰鬥。若矮人在巨龍逃脫陷阱之前將牠殺死，則矮人們獲勝；若巨龍逃脫陷阱或是消滅所有的矮人，牠就戰勝對手從容飛離。\r','0000-00-00 00:00:00','0000-00-00 00:00:00'),(72,'形色咚咚','https://uploads-ssl.webflow.com/575714cc825e8dbc6c83b98a/5ab8f745fc0a922332ad89fe_Drop%20it_Box.jpg',1160,10,4,'玩家輪流將一片咚咚放入遊戲塔中，依其降落後停留的樓層來獲得分數，若與面板上的獎勵圓圈重疊，便能得到獎勵分數。請小心：切勿違反降落規則！你投入的咚咚不能碰到其他形狀或顏色相同的咚咚。\r','0000-00-00 00:00:00','0000-00-00 00:00:00'),(73,'神奇果汁','https://uploads-ssl.webflow.com/575714cc825e8dbc6c83b98a/5ab8f7fcf9eb2f21e698948a_FabledFruit_Box_3D.jpg',830,10,4,'從前從前有一座長滿神奇水果的森林，這些水果不但可以榨成果汁，還能混合成最美味的飲料。你將扮演住在森林中到處採集這些美味水果的動物，森林中友善的居民提供各種協助，包括贈送水果、和你交易或透過各式各樣的方式幫助你。你們既口渴又嘴饞，誰才能首先飽嚐神奇果汁的美味呢？這款百變遊戲會隨著遊戲進行而不斷變化，第一次遊玩時，遊戲在初始階段，也相對單純，但隨著你們更深入遊戲，遊戲機制與體驗都會更加擴展，遊戲中的每個進程都帶來些許變化。即使經歷20 場遊戲後，它依然像一款全新的遊戲，神奇又好玩！\r','0000-00-00 00:00:00','0000-00-00 00:00:00'),(74,'童話迷蹤','https://uploads-ssl.webflow.com/575714cc825e8dbc6c83b98a/5cdcff5a8e958466bf250ee9_Fabulantica_BOX_3D.jpg',990,10,5,'魔法學徒艾米爾唸壞了咒語，把童話王國裡的許多男女主角胡亂傳送到各地，他們被這怪事嚇壞了，躲在高塔中等待救援，同時擔心著其他下落不明的朋友。你能快速找到他們，並解除這道咒語嗎？\r','0000-00-00 00:00:00','0000-00-00 00:00:00'),(75,'火車快飛','https://uploads-ssl.webflow.com/575714cc825e8dbc6c83b98a/5dbfb62b5102da30c44aea06_FairlyFast_Box_3D.jpg',590,10,5,'所有乘客請上車！在火車出發前，你必須盡可能在自己的火車頭後方連結最多的車廂，這可不如你想像的簡單哦！有些種類的車廂必須具備一定的數量，才能掛到列車上。乘客和行動圖板可能會讓你的列車變長。遊戲結束時，擁有最長火車的玩家獲勝。一款色彩豐富的火車收集遊戲。\r','0000-00-00 00:00:00','0000-00-00 00:00:00'),(76,'兇煞迴廊','https://uploads-ssl.webflow.com/575714cc825e8dbc6c83b98a/5e7964e4cbe4242ce0aa871b_FearSomeFloor_BOX_3D.jpg',1160,10,5,'兇煞迴廊是個曲折的競速遊戲，你不止要盡快到達終點，還得要避開路上的怪物－科學怪人。利用巧妙的走位，玩家可以試著讓怪物去追逐其他的對手。在基礎遊戲中，玩家可以躲在石頭後面或是滑過血池，有經驗的玩家可以再加入透明的水晶、旋轉石和傳送陣。你要小心規劃、迅速移動並且躲開怪物以贏得遊戲！\r','0000-00-00 00:00:00','0000-00-00 00:00:00'),(77,'警報！警報！消防員出動！','https://uploads-ssl.webflow.com/575714cc825e8dbc6c83b98a/5be548ec9c7f7e22f9dea89d_Firefire_Box.jpg',690,10,5,'警報！警報！費爾巴哈發生了火警，標叔叔的香腸快全都被火燒了。這刻急需消防隊出動救火。糟糕了！有消防員睡著了，在出勤前還未穿好制服，消防車必須撇下懶惰的隊員出發，不然香腸店會全被燒焦了。成功撲滅最多火災的玩家將勝出遊戲，成為最棒的消防員。超級刺激的反應遊戲！\r','0000-00-00 00:00:00','0000-00-00 00:00:00'),(78,'黃瓜五兄弟','https://uploads-ssl.webflow.com/575714cc825e8dbc6c83b98a/5efdee8eb7b354574300225f_FiveCucumbers_Box_3D.jpg',290,10,5,'北歐傳統Agurk吃墩遊戲的現代版‍ 一款勾心鬥角的吃墩遊戲，目標是不要吃到最後一墩！\r','0000-00-00 00:00:00','0000-00-00 00:00:00'),(79,'北洋船隊','https://uploads-ssl.webflow.com/575714cc825e8dbc6c83b98a/5ab8f8168d6035444de925a0_Fleet_Box_3D.jpg',690,10,5,'在加拿大努納武特的東北方，這裡原本是北冰洋上一個人們無法觸及的海灣，但自從人們發現一條隱密的峽灣通道後，一切都改觀了。洋流的滋養加上長年未有人類踏足，讓這裡漁產豐沛，吸引眾路漁船。快！購買執照，組織船隊，出海捕魚！只有最善於管理資源，得分最高的夢幻船隊，才能稱霸北洋漁場！\r','0000-00-00 00:00:00','0000-00-00 00:00:00'),(80,'哞哞穿新衣','https://uploads-ssl.webflow.com/575714cc825e8dbc6c83b98a/5dc3bebdcf69d19dc9c8ac7a_Flick%20Fleck_Box_3D.jpg',890,10,5,'我們有大麻煩了！乳牛們醒來發現自己的花紋消失了一大半，但沒有人知道為什麼。難道是膽小的牛仔在夜裡偷走了？或是昨天的雨水沖走牠們的花紋？無論是什麼原因，盡快幫牠們穿上新的衣裳，讓牠們可以自在徜徉在草原上！\r','0000-00-00 00:00:00','0000-00-00 00:00:00'),(81,'打蒼蠅','https://uploads-ssl.webflow.com/575714cc825e8dbc6c83b98a/5ab8f8218d603587fbe925a6_Fliegen%20Klatschen_Box_3D_CN.jpg',250,10,5,'惱人的蒼蠅總是嗡嗡嗡地繞著我們飛來又飛去，一種顏色，兩種顏色，三種顏色 ⋯⋯ 竟然來了五種不同顏色的蒼蠅，讓人眼花撩亂，快打！打到蒼蠅的人就能得分喔！可惜不是每一隻蒼蠅都能打，只能打數量最多的那種顏色。‍在這眼花撩亂的情況下，你打得到正確的蒼蠅嗎？\r','0000-00-00 00:00:00','0000-00-00 00:00:00'),(82,'鈕鈕相扣','https://uploads-ssl.webflow.com/575714cc825e8dbc6c83b98a/5ab8f828f9eb2f38009894ac_FlixMix_Box_3D.jpg',390,10,5,'每個人都有一副鈕釦牌，誰能用最短的時間，將手上的鈕釦依照桌面上相同的顏色「扣」完，就可獲得勝利。很刺激喔！一個快速又充滿挑戰性的遊戲，在遊戲過程中，目標的鈕釦顏色將會讓你專注萬分，變化多端的顏色組合，清晰的觀察力與判斷力將是致勝關鍵！\r','0000-00-00 00:00:00','0000-00-00 00:00:00'),(83,'汪汪大耳朵','https://uploads-ssl.webflow.com/575714cc825e8dbc6c83b98a/5be54bdfba8c6d603c04a965_FloppyEars_Box.jpg',890,10,5,'汪汪！這是個令人抱腹大笑的遊戲，你需要成為第一位打出所有大耳朵卡牌的玩家，贏取擁有世上最大耳朵的美譽！但留意，這些大耳朵卡牌會掛在你的耳朵上，因此唯有最能記憶自己耳朵顏色及圖案的玩家才能順利把卡牌打出！‍一款使用耳朵玩的記憶配對遊戲。\r','0000-00-00 00:00:00','0000-00-00 00:00:00'),(84,'浮言浪語','https://uploads-ssl.webflow.com/575714cc825e8dbc6c83b98a/5ab8f832c6b5aa9d31110799_Fluxx_Box_3D.jpg',490,10,5,'這是一款相當特殊的遊戲，遊戲的規則和目標在遊戲過程中會因玩家所打出的牌不停地改變，到底你應該採用什麼策略？打出什麼樣的牌？眼前的一切都只是浮言浪語罷了！節奏快速、有趣，並且難以預測！\r','0000-00-00 00:00:00','0000-00-00 00:00:00'),(85,'水果沙拉','https://uploads-ssl.webflow.com/575714cc825e8dbc6c83b98a/5ab8f85d8d60357ed4e925b9_Fruit-Salad_CN_BOX_3D.jpg',390,10,5,'水果沙拉是一款適合2-6人的歡樂派對遊戲。隨著各色水果陸續加入碗中，種類和數量全部混在一起，這時玩家們要展現記憶力、速度與冒險精神來贏得遊戲勝利！水果沙拉絕對是最適合與家人及朋友們共享的飯後甜點！\r','0000-00-00 00:00:00','0000-00-00 00:00:00'),(86,'富士流','https://uploads-ssl.webflow.com/575714cc825e8dbc6c83b98a/5ab8f867326fa90046e9fad4_FUJI%20FLUSH_Box_3D.jpg',250,10,5,'成為最先將所有牌出完的玩家。\r','0000-00-00 00:00:00','0000-00-00 00:00:00'),(87,'快樂農莊','https://uploads-ssl.webflow.com/575714cc825e8dbc6c83b98a/5ab8f873f9eb2f62a698952f_FunFram_Box_3D.jpg',890,10,5,'動物們從農場逃跑啦 ！在牠們惹出麻煩之前，快把牠們抓回來～～而且動作要比你的對手快喔！輕鬆愉快、適合全家大小的反應遊戲！擲骰、抽牌、並搶在別人之前從桌上抓到正確的動物！\r','0000-00-00 00:00:00','0000-00-00 00:00:00'),(88,'富途共樂','https://uploads-ssl.webflow.com/575714cc825e8dbc6c83b98a/5d94945dfe8a6f10a5a3b5b0_Futuropia_Box_CH.jpg',1650,10,5,'在富途共樂中，玩家們生活在未來的烏托邦社會中，那裡有著所有居民都夢寐以求的生活品質⋯⋯可惜，這不是目前的現實生活⋯⋯\r','0000-00-00 00:00:00','0000-00-00 00:00:00'),(89,'荒島動物學','https://uploads-ssl.webflow.com/575714cc825e8dbc6c83b98a/5c1db6c7fd28a7c996e8279f_GalapaGo_Box.jpg',690,10,5,'適合大小朋友同樂！太平洋加拉巴哥群島上的獨特生物，讓1835年造訪的達爾文開啟了「物種起源」的學說。現在你將化身為動物學家研究島上的變種動物，但是必須依據特定的指令來進行誘捕，這並非易事。充份運用你的邏輯與觀察力，才能讓你快速達成任務！\r','0000-00-00 00:00:00','0000-00-00 00:00:00'),(90,'賽豬俱樂部','https://uploads-ssl.webflow.com/575714cc825e8dbc6c83b98a/5ab8f881c6b5aa35451107b7_GallopingPigs_Box_3D.jpg',490,10,5,'在這場賽豬遊戲中，玩家們試著出牌將一隻賽豬趕到最前面，並獲取食物作為獎勵，累積食物固然重要，但致勝的關鍵在於當你打出最後一張牌時，必須將一隻賽豬趕到最前面，否則不能保留任何之前贏得的食物，這讓遊戲從頭到尾都緊張刺激！遊戲結束時，擁有最多食物的玩家獲勝。賽豬俱樂部是個快速的卡片遊戲，簡單上手，適合全家人同樂。德文名稱：SCHWEINSGALOPP\r','0000-00-00 00:00:00','0000-00-00 00:00:00'),(91,'閃靈快手','https://uploads-ssl.webflow.com/575714cc825e8dbc6c83b98a/5ab8f892326fa9b6a6e9faf5_Geistesblitz_Box_3D_CN.jpg',690,10,5,'幽靈巴頓在城堡的地下室發現一台老相機。他立刻拿起相機四處拍他想要變不見的東西，當然也包括他自己囉！奇怪的是，魔法相機照出來的顏色時常出錯，有時綠色的瓶子照成白色，有時又照成藍色。巴頓看著這些顏色奇怪的照片，記不起來他到底要把什麼變不見？‍你能幫他說出正確的名稱、或甚至親手把東西變不見嗎？如果你快速地抓到正確的物品，你就有機會獲勝！\r','0000-00-00 00:00:00','0000-00-00 00:00:00'),(92,'閃靈快手：魔法帽','https://uploads-ssl.webflow.com/575714cc825e8dbc6c83b98a/5d5cd97f9052fe5cc648a37a_Geistesblitz%20Spooky%20Doo_Box.jpg',890,10,5,'幽靈巴頓在外遊蕩時，發現一件奇怪的東西，起初，他以為這是燈罩或是桶子，但後來才發現這是一頂可以讓所有東西消失的魔法帽子，包括酒桶、老鼠、甚至他自己！什麼東西藏在帽子下？喊出它的名稱，用閃電般的速度掀開帽子或快速抓住正確物品。‍預備⋯⋯掀開帽子！\r','0000-00-00 00:00:00','0000-00-00 00:00:00'),(93,'寶石陣','https://uploads-ssl.webflow.com/575714cc825e8dbc6c83b98a/5fbcaa63a249658ac05c2e2c_Gemblo_BOX_3D.jpg',890,10,5,'寶石陣是一款簡單易學的遊戲，你要盡可能將18個不同形狀的寶石串放到遊戲板上，放置愈多寶石串，便擁有越大的優勢，需要運用攻擊與防禦的策略，如同西洋棋或圍棋，必須事先計畫並預測對手可能採取的行動。不論是六歲的孩童或是成年人，都能參與並享受這款遊戲！\r','0000-00-00 00:00:00','0000-00-00 00:00:00'),(94,'寶石陣豪華版','https://uploads-ssl.webflow.com/575714cc825e8dbc6c83b98a/5ab8f8f5326fa97838e9fbcc_Gemblo_BOX_3D.jpg',1490,10,5,'寶石陣是一款簡單易學的遊戲，玩家要盡可能將18個不同形狀的寶石串放置到遊戲板上，這會需要用到攻擊與防禦的策略。當你放置愈多寶石串，你就擁有越大的優勢。如同西洋棋或圍棋，你甚至要事先計畫並預測對手可能採取的行動。不論是六歲的孩童或是成年人都能參與並享受這款遊戲！\r','0000-00-00 00:00:00','0000-00-00 00:00:00'),(95,'禮物','https://uploads-ssl.webflow.com/575714cc825e8dbc6c83b98a/5ab8f900a14f1012baa548b3_Geschenkt_Box_3D.jpg',290,10,5,'從3到35，這些扣分牌都是在「禮物」中要送給你的喔！什麼？你不要？！那麼請交出一枚籌碼並將這份大禮轉送給下一位玩家。但是，你的籌碼有限，總有用完的時候，哪些扣分牌該收下，而哪些又該轉送給別人，真是送禮的一大學問呢！這是一款輕快又滑稽的紙牌小品。英文名稱：NO THANKS! / NO MERCY\r','0000-00-00 00:00:00','0000-00-00 00:00:00'),(96,'長頸鹿量表','https://uploads-ssl.webflow.com/575714cc825e8dbc6c83b98a/5ab8f91dc6b5aa841e11081f_Giraffometer_Box_3D.jpg',690,10,5,'雨滴的速度有多快？最重的南瓜有多重？白金漢宮又有幾間房間？你有沒有探究過這些問題？\r','0000-00-00 00:00:00','0000-00-00 00:00:00'),(97,'棋蹟連連・進階版','https://uploads-ssl.webflow.com/575714cc825e8dbc6c83b98a/5ab8f923fc0a920275ad966b_Gobblet_Box_3D.jpg',990,10,5,'吞噬敵手，連成直線，贏得勝利。這是絕無僅有可以吃掉對手的策略遊戲。率先將四個棋子連成一線就贏囉！這是最受大小朋友歡迎的〔奇雞連連〕的進階版本，你已經準備好接受更高的挑戰了嗎？\r','0000-00-00 00:00:00','0000-00-00 00:00:00'),(98,'奇雞連連','https://uploads-ssl.webflow.com/575714cc825e8dbc6c83b98a/5d80e74083397d3b31b9c06d_GOBBLET%20GOBBLERS_3D_BOX.jpg',890,10,5,'給孩子的第一款策略遊戲。只要會玩圈圈叉叉，便能享受「奇雞連連」帶來的無窮樂趣。貪吃的公雞會吃掉（套住）比自己小的公雞，你能首先讓自己的三隻公雞排成一直線嗎？這款易學易懂的策略遊戲挑戰你的記憶力，看看你的記性是否和公雞的胃口一樣好！\r','0000-00-00 00:00:00','0000-00-00 00:00:00'),(99,'奇雞連連塑膠版','https://uploads-ssl.webflow.com/575714cc825e8dbc6c83b98a/5df9f231de4120795b4e78d2_Gobblet%20Gobblers%20Plastic_Box_3D.jpg',790,10,5,'給孩子的第一款策略遊戲。\r','0000-00-00 00:00:00','0000-00-00 00:00:00'),(100,'力爭上游','https://uploads-ssl.webflow.com/575714cc825e8dbc6c83b98a/5ab8fdfdf9eb2f3d38989fd1_Dalmuti_Box_3D.jpg',490,10,5,'生活是不公平的……在力爭上游中也是一樣。在這一局中你是國王，下一局就可能變成最底層的奴隷。別太習慣於舒適的椅子和國王的好處，每個奴隷都有機會取代你的地位，讓你失去所有的特權。這聽起來不公平？確實，但我們警告過你了……\r','0000-00-00 00:00:00','0000-00-00 00:00:00'),(101,'貪吃鬼','https://uploads-ssl.webflow.com/575714cc825e8dbc6c83b98a/5c1cb502fadfd55f5d865ec4_Greed_Box.jpg',290,10,5,'別再矜持了！放膽地從其他玩家手中偷牌，率先收集到6 張相同的數字牌，便能獲勝。太貪心可能讓你功虧一簣！\r','0000-00-00 00:00:00','0000-00-00 00:00:00'),(102,'貪心農夫','https://uploads-ssl.webflow.com/575714cc825e8dbc6c83b98a/5e674f163cb7ce42525a33b3_GreedyFarmers_Box.jpg',290,10,5,'農場裡種了很多農作物也養了很多家禽，因為農場裡總是會有許多的害蟲來偷吃作物，所以農場主人就宣佈：「誰能用最快速度採收作物和抓到害蟲，就可以來跟我領取獎賞！」，獲得最多獎賞的人贏得遊戲！\r','0000-00-00 00:00:00','0000-00-00 00:00:00'),(103,'德國心臟病','https://uploads-ssl.webflow.com/575714cc825e8dbc6c83b98a/5ab8fe14fc0a92cceead9ca4_HalliGalli_New_Box_3D_CN.jpg',690,10,5,'玩家依序翻開一張卡片置於自己面前，只要桌面上翻開的紙牌中，一共出現5個同樣的水果時，玩家就要搶按桌面中央的鈴，最快按鈴的玩家贏得桌面上所有的卡片，手牌用盡的玩家便出局了！堅持到最後的玩家獲勝！這是一款挑戰你心臟極限的刺激遊戲。\r','0000-00-00 00:00:00','0000-00-00 00:00:00'),(104,'德國心臟病極限版','https://uploads-ssl.webflow.com/575714cc825e8dbc6c83b98a/5c3c02ebc994c52495cc95e1_Halli%20Galli%20Extreme_CN_BOX_3D.jpg',690,10,5,'每位玩家輪流翻開一張牌，當桌面上有兩張相同的水果牌，或是出現某種動物但沒有牠討厭的水果時（只有小豬不挑食），所有玩家必須盡快按鈴，率先按鈴的玩家贏得所有翻開的牌。\r','0000-00-00 00:00:00','0000-00-00 00:00:00'),(105,'動手不動口','https://uploads-ssl.webflow.com/575714cc825e8dbc6c83b98a/5ab8fe56987c8683c653cf43_Handsup_Box_3D.jpg',490,10,5,'這是一款激烈的快手遊戲，看看誰的手最靈光！當卡牌翻開時，玩家儘快擺出牌上的手勢，最慢的玩家就輸囉！\r','0000-00-00 00:00:00','0000-00-00 00:00:00'),(106,'小小養豬趣','https://uploads-ssl.webflow.com/575714cc825e8dbc6c83b98a/5d772fc89ee1bc71886113e4_Happy%20Piggys_Box_3D.jpg',750,10,5,'每位豬農都有自己的一套養豬秘技，而每位豬商也有各自的採購清單。身為養豬場的經營者，如何運用各式秘技讓自己的豬仔們健康長大以繁衍更多小豬仔，並完成豬商的複雜訂單？別忘記競爭對手也虎視眈眈，試圖搶得訂單。誰能運用策略博得先機，讓自己的養豬場更加繁榮，便能榮登本年度養豬達人的寶座！\r','0000-00-00 00:00:00','0000-00-00 00:00:00'),(107,'養豬趣','https://uploads-ssl.webflow.com/575714cc825e8dbc6c83b98a/5ab8fe62a14f100f5ca54f52_Happy%20Pigs_Box_3D_2017.jpg',1160,10,5,'快來養豬！讓你的小豬仔長成中豬、大豬，然後再生小豬仔。但豬農實在不是個輕鬆的職業，要買飼料、建豬舍、牽豬哥還要幫小豬仔打預防針⋯⋯由於資源有限，所以總是得盤算著你所需的物資是否會被他人先下手搶走而被迫改變你的養豬大計？或者，你能預測對手的行動而搶得先機？還是乾脆不按牌理出牌，讓其他玩家方寸大亂？耍了這麼多心機後，真能順利榮登神豬之父的寶座嗎？\r','0000-00-00 00:00:00','0000-00-00 00:00:00'),(108,'春風','https://uploads-ssl.webflow.com/575714cc825e8dbc6c83b98a/5ab8fe73f9eb2f860f98a01d_Haru%20Ichiban_Box_3D.jpg',690,10,5,'“Haru Ichiban”在日語中意為第一縷春風。\r','0000-00-00 00:00:00','0000-00-00 00:00:00'),(109,'翻滾刺蝟','https://uploads-ssl.webflow.com/575714cc825e8dbc6c83b98a/5cb693f16bcb726c760ebfc2_Hedgehog%20Roll_BOX_3D.jpg',890,10,5,'在厚厚的樹冠下，小刺蝟急著趕回自己舒適的家。在森林中滾動毛絨絨的刺蝟，收集有魔鬼氈的蘋果、樹葉和蘑菇，這些森林特產讓刺蝟可以沿著林中小徑前進，快快回家。每場遊戲開始前，構建好森林小徑，然後選擇競賽模式來一較高下，或是採用合作模式，一同躲避緊追而來的狐狸。\r','0000-00-00 00:00:00','0000-00-00 00:00:00'),(110,'G同鴨搶','https://uploads-ssl.webflow.com/575714cc825e8dbc6c83b98a/5cdbc6bea09eaa6ecffb638a_HickHack_BOX_3D.jpg',750,10,5,'「給我玉米，其餘免談！」不知為何禽舍裡的家禽最近胃口大開，土雞、珠雞、火雞、雉雞、鴨子和鵝整天都在爭食，但務必小心！一旁的狐狸虎視眈眈，但是牠們想吃的可不是玉米…… 一場為2-6 位大小玩家、各種家禽與狐狸而設計的農場饗宴！\r','0000-00-00 00:00:00','0000-00-00 00:00:00'),(111,'捕蜂高手','https://uploads-ssl.webflow.com/575714cc825e8dbc6c83b98a/5ab8fe9f326fa95987ea066c_Honigbienchen_Box_3D.jpg',830,10,5,'嗡～嗡～嗡！蜜蜂躲在哪？你能找到躲在蜂巢中的蜜蜂嗎？因為蜂巢經常變換位置，你真的確定這個顏色的蜜蜂躲在這裏嗎？找到最多正確顏色蜜蜂的玩家贏得遊戲勝利。捕蜂高手，一款給記憶小超人的聰明遊戲！\r','0000-00-00 00:00:00','0000-00-00 00:00:00'),(112,'有幾個？','https://uploads-ssl.webflow.com/575714cc825e8dbc6c83b98a/5ab8febf987c869ac153cf76_HowMany_CH.jpg',120,10,6,'這是一個快速的推理遊戲，與你的對手一決勝負，誰能在最短的時間推理出正確的排列組合？\r','0000-00-00 00:00:00','0000-00-00 00:00:00'),(113,'冰炫企鵝','https://uploads-ssl.webflow.com/575714cc825e8dbc6c83b98a/5f7c3b1fe4ed9359279ec9c3_Ice%20Cool_BOX_3D_2018.jpg',1650,10,6,'午休前的最後一堂課，小企鵝們耐不住飢腸轆轆，偷溜去抓魚。在每一輪遊戲中都有一位玩家擔任訓導主任，他的目標是逮到那些蹺課去抓魚的小企鵝。不論是訓導主任捉到小企鵝或小企鵝抓到魚，都可獲得分數。遊戲結束時，得分最高的玩家獲得勝利。在彈指之間，企鵝在校園內優美地滑行和跳躍！不只是酷，是冰酷！\r','0000-00-00 00:00:00','0000-00-00 00:00:00'),(114,'冰炫企鵝2','https://uploads-ssl.webflow.com/575714cc825e8dbc6c83b98a/5b8ceb78f71108e9a1d6397f_IceCool2_Box_3D.jpg',1650,10,6,'源自2017年最佳兒童遊戲「冰酷企鵝」的獨立遊戲，不論大人或小孩、新手或行家，都能在這享受絕無僅有彈跳技巧的樂趣。玩家化身為蹺課企鵝，在校園裡迴旋、跳躍，此版本新增了三項彈跳任務，更具挑戰性！搭配「冰酷企鵝」一起遊戲，可以進行競技模式、設計新的校園場景以及最多支援8人同樂的刺激規則！\r','0000-00-00 00:00:00','0000-00-00 00:00:00'),(115,'冰淇淋快手2.0','https://uploads-ssl.webflow.com/575714cc825e8dbc6c83b98a/5ab901ad8d60358b79e92acd_Ice%20Cream%20COMBO_Box_3D.jpg',490,10,6,'來一場瘋狂繽紛的冰淇淋對決吧！我們都是冰淇淋小販，預備好你的獨家冰品，一決勝負吧！ 面對蜂湧而至的訂單，如何快速交貨搶下訂單？如何在這場冰淇淋對決競賽中賺飽荷包？在訂單未被搶走前，趕緊完成指定的冰淇淋吧！\r','0000-00-00 00:00:00','0000-00-00 00:00:00'),(116,'百分直覺','https://uploads-ssl.webflow.com/575714cc825e8dbc6c83b98a/5c1d12575744ab4cedb3d1c5_Illusion_Box_3D.jpg',390,10,6,'你能解析指定顏色的占比嗎?箭頭牌的顏色為本輪的指定顏色，桌面上所有的牌必須依該色在牌上所占的百分比升冪排列。你能一眼看出新拿到的這張牌的正確位置在哪裡嗎？你對自己的直覺有信心嗎？本遊戲的規則超級簡單，小小孩也能立即上手，但對男女老幼都是個挑戰，到底你的直覺可靠嗎？或者，只是個錯覺！？\r','0000-00-00 00:00:00','0000-00-00 00:00:00'),(117,'印加寶藏','https://uploads-ssl.webflow.com/575714cc825e8dbc6c83b98a/5c4f20aafe98b26d03265f74_IncanGold_2018_Box_3D.jpg',990,10,6,'你和你富有冒險精神的夥伴們，前往古老的印加神廟中，尋找稀有的綠松石、黑曜石與黃金。遊戲中的每個回合，你都必須決定是要進一步地深入探索神廟，或者是要安全地返回營地，將已經到手的寶物好好收藏保管。越往神廟的深處探索，就表示已經到手的寶物有可能因為神廟內發生的種種危機，而被迫拋棄，例如：巨型蜘蛛、甦醒的木乃伊、地底竄出的烈火與擁有劇毒的蛇⋯⋯都將讓你只能丟下一切逃命。但是傳聞中無價的古印加神器就在這裡，只有能克服心理恐懼的人才有機會得到它！你究竟有多勇敢？要有多少的寶物才能夠滿足你？玩過印加寶藏後你才會知道！\r','0000-00-00 00:00:00','0000-00-00 00:00:00'),(118,'黑狼嗷嗷叫','https://uploads-ssl.webflow.com/575714cc825e8dbc6c83b98a/5fc4b1c31ac7a83b377083be_Isegrim_Box.jpg',390,10,6,'黑狼和牠的好朋友們，熊、鹿、老鷹和山貓，散居在高山、湖泊、河流、草原和森林裡，想要聚在一起，真的很難。你能幫助牠們重逢嗎？最快收集到5張相同地形的紙牌，且其包含5種不同動物的玩家獲得勝利。\r','0000-00-00 00:00:00','0000-00-00 00:00:00'),(119,'造陸計畫','https://uploads-ssl.webflow.com/575714cc825e8dbc6c83b98a/5c3818328595e03cee57880e_IslandProject_Box.jpg',890,10,6,'人類最後的一線生機！地球因持續暖化導致海平面不停升高，能居住的陸地已經所剩無幾，全球最頂尖的科學家爭相提出搶救計畫，但多數終告失敗。直到2165年啟動的造陸計畫，利用喚醒海底火山的方式讓火山緩爆發，流出的熔岩接觸海洋冷卻並硬化成為新陸地。此計畫雖有成效，但在火山爆發時卻會危及四周海洋及人類，並引爆附近潛藏的火山。被喚醒火山的爆發時機難以預測，引動連爆效應所及地區廣泛，如何帶領族人登上安全的陸地與高原，來獲得延續族群的機會，就需要領袖睿智的策略與應變能力！\r','0000-00-00 00:00:00','0000-00-00 00:00:00'),(120,'伊斯坦堡','https://uploads-ssl.webflow.com/575714cc825e8dbc6c83b98a/5ab902618d60353947e92b02_Istanbul_Box_3D.jpg',1650,10,6,'歡迎光臨伊斯坦堡大市集！在這個市集中，商人各自帶著伙計們忙碌地穿梭在狹窄的巷弄中，就只為比競爭對手多賺上一分錢。達到這個目標的關鍵就在於要有良好的事前規劃：在各種物料行把手推車裝滿貨物再交給伙計盡快送達不同地點。玩家的目標是要首先獲得一定數量的紅寶石。但伙計畢竟就是伙計，他們能幫你做事，但你總是得自己看頭看尾，事情才能辦得妥當⋯⋯\r','0000-00-00 00:00:00','0000-00-00 00:00:00'),(121,'伊斯坦堡大盒版','https://uploads-ssl.webflow.com/575714cc825e8dbc6c83b98a/5d75bf7134bd368a47e7bc37_IstanbulBigBox_Box.jpg',1890,10,6,'歡迎光臨伊斯坦堡大市集！在這個市集中，商人各自帶著伙計們忙碌地穿梭在狹窄的巷弄中，就只為比競爭對手多賺上一分錢。達到這個目標的關鍵就在於要有良好的事前規劃：在各種物料行把手推車裝滿貨物再交給伙計盡快送達不同地點。玩家的目標是要首先獲得一定數量的紅寶石。但伙計畢竟就是伙計，他們能幫你做事，但你總是得自己看頭看尾，事情才能辦得妥當……在這款策略遊戲中，你必須謹慎派遣貴寶號伙計去執行行動，以期能比你的競爭對手更快獲得致勝的紅寶石！包含〔基本版〕＋〔2款擴充〕\r','0000-00-00 00:00:00','0000-00-00 00:00:00'),(122,'伊斯坦堡・骰子版','https://uploads-ssl.webflow.com/575714cc825e8dbc6c83b98a/5d5cfe45bbbfb992ce1f57a2_Istanbul_DiceGame_Box.jpg',890,10,6,'歡迎光臨伊斯坦堡大市集!準備好進行交易大戰了嗎？你將和對手爭相獲取令人垂涎的紅寶石！不過，你並非單打獨鬥，伙計們為你運送貨物和收取貨款。明智地使用收益來提升自己的能力，或直接購買紅寶石！憑藉著一點好運和正確的策略，你將獲得最終的勝利，並贏得商業公會龍頭的尊榮！\r','0000-00-00 00:00:00','0000-00-00 00:00:00'),(123,'耶利哥','https://uploads-ssl.webflow.com/575714cc825e8dbc6c83b98a/605ac11673c0272e7173d07b_Jericho_CN_Box_3D_2021.jpg',390,10,6,'吹響號角，拆毀城牆！使用城牆牌建造各色城牆，越長越好，使用號角牌來拆除對手的城牆，但可能害人害己。計分時，若你擁有某色最長的城牆，便能獲得供應區的牌作為獎勵。供應區的牌什麼時候發完，取決於玩家築牆的賽況。遊戲結束時，擁有最多牌的玩家獲勝。\r','0000-00-00 00:00:00','0000-00-00 00:00:00'),(124,'圖騰快手','https://uploads-ssl.webflow.com/575714cc825e8dbc6c83b98a/5ab902c5f9eb2fd1d798a411_Jungle%20Speed_Box_3D.jpg',390,10,6,'考驗你的觀察力及反應速度。當你和其他玩家的牌出現一樣的圖案時，趕快抓取桌面中央的圖騰，以便將牌送給反應較慢的玩家。困難的是，有些圖案幾乎一樣，而且，時常出現特殊牌，改變遊戲的規則，這讓玩家十分容易出錯而被罰拿到更多的牌！你能夠維持專注力搶先將自己的牌出清而成為贏家嗎？\r','0000-00-00 00:00:00','0000-00-00 00:00:00'),(125,'香蕉共和國．國安秘帳','https://uploads-ssl.webflow.com/575714cc825e8dbc6c83b98a/5ab902e1f9eb2ffb1b98a419_JUNTA_Cartas_Box_CH.jpg',490,10,6,'最具競爭性的紙牌遊戲！歡迎回到美麗的島國：香蕉共和國！這裡一切如舊：你身為腐敗政府中的一員，盡快且有效率的把你的口袋裝滿（ 感謝不斷流入的國外金援）。你的做法必須無情：通過秘謀、買票、僱用殺手及炸燬建築物⋯以及不時發生的政變，讓自己獲得總統大位。\r','0000-00-00 00:00:00','0000-00-00 00:00:00'),(126,'K2','https://uploads-ssl.webflow.com/575714cc825e8dbc6c83b98a/5ab902f1c6b5aa7110111069_K2_Box_3D.jpg',1650,10,6,'逐漸麻木的雙腳踩踏著冰爪跨越冰層，疲倦的手臂揮動著冰斧攀爬過雪崖，稀薄的空氣讓你精疲力盡的身體即使向上移動半公尺距離也宛如登天。在K2這款遊戲中，每名玩家率領一隊由兩名登山家組成的攻頂小隊和其他隊伍競爭，要在為期18天的期限內攻頂成功並活下來。玩家每回合經由使用卡片在遊戲板上移動登山家，爬得越高，在遊戲結束時得到的勝利點數也越多。然而，在越高處玩家就要越注意登山家的身體狀況，一旦跌落1之下，耗盡體力的登山家就會死亡，而玩家也就無法從他身上獲得任何點數。因此，如何選擇一條合適的路線、在正確的地點紮營、及天氣狀況的變化，都會明顯影響你攻頂的難度。\r','0000-00-00 00:00:00','0000-00-00 00:00:00'),(127,'島嶼之爭','https://uploads-ssl.webflow.com/575714cc825e8dbc6c83b98a/5ab90305326fa9dfa7ea0c80_Kahuna_Box.jpg',830,10,6,'兩位法師在汪洋中的一個群島小國卡忽納，爭奪著統治權。卡忽納包含了12座小島，在每一座小島上，誰的勢力較強就能統治該島。有時他們像蜘蛛一樣，悄悄編織心靈之網，捕捉人民的認同；有時像暴風襲捲般，瞬間攻下兩三個小島。法力的強弱固然重要，決勝的關鍵卻是策略的運用，到底最後將由誰來統治這個王國呢？\r','0000-00-00 00:00:00','0000-00-00 00:00:00'),(128,'大魚吃小魚','https://uploads-ssl.webflow.com/575714cc825e8dbc6c83b98a/5ab90313987c860ac753d7a2_KaiPiranja_Box_3D.jpg',590,10,6,'海裡面的魚群們，爭相到處覓食，提供給他們的食物，大小不能超過，且種類不能相同，如果翻到無法吃下的魚，就得把這個食物交給下一位玩家，翻到張嘴的魚，自己的食物鏈就得貢獻給大家，收集到固定數量的魚群的玩家，就可以接受這一大群魚，不愁吃啦！這是一個規則簡單又有趣的紙牌遊戲，運氣成分較重，趣味性十足，最適合全家大小及朋友聚會一齊同樂！\r','0000-00-00 00:00:00','0000-00-00 00:00:00'),(129,'蟑螂捕手','https://uploads-ssl.webflow.com/575714cc825e8dbc6c83b98a/5ab90324fc0a927777ada1a0_KAKERLAKAK_BOX_3D.jpg',1490,10,6,'啊～～～～～\r','0000-00-00 00:00:00','0000-00-00 00:00:00'),(130,'德國蟑螂','https://uploads-ssl.webflow.com/575714cc825e8dbc6c83b98a/5ab90478987c86011453d937_Kakerlaken_Box_3D.jpg',490,10,6,'你可以在遊戲中盡情蒙騙你的朋友們！\r','0000-00-00 00:00:00','0000-00-00 00:00:00'),(131,'卡魯巴','https://uploads-ssl.webflow.com/575714cc825e8dbc6c83b98a/5ab9048c8d6035d050e92e1e_Karuba_box3D_CH_.jpg',1490,10,6,'無須等待，所有玩家一同進行遊戲！\r','0000-00-00 00:00:00','0000-00-00 00:00:00'),(132,'卡魯巴兒童版','https://uploads-ssl.webflow.com/575714cc825e8dbc6c83b98a/5dbfb8ab63d9f46c3eaaf237_KARUBA_Junior_Box_3D.jpg',890,10,6,'在卡魯巴島上的叢林中，三名探險家展開尋寶冒險，你能幫助他們找到所有的寶藏嗎？在海盜船登陸之前，開闢通往所有寶藏的道路，當兇猛的老虎出現時，會擋住去路，盡量不要讓牠阻斷你們的尋寶路徑。透過團隊合作及技巧性的拼放，還要加上一點點的好運氣，便能領先海盜達成目標！一款板塊拼放的合作冒險遊戲。‍• 熱門家庭遊戲卡魯巴的精彩延伸• 內附超大木質米寶• 規則簡單但樂趣無窮\r','0000-00-00 00:00:00','0000-00-00 00:00:00'),(133,'時空探險家','https://uploads-ssl.webflow.com/575714cc825e8dbc6c83b98a/5d804922ddf5283bb9cd01fb_Kauchuk_Box.jpg',1160,10,6,'你藉由「跨子」這個稀有彈性物質，找到一種扭曲時間和空間的方式，讓你可以在已經消失和尚未發現的世界中探索驚人的寶物！但是，你並不是唯一潛藏在古代遺跡或欣賞著叢林神廟的人，所以不要停下腳步，選擇最佳的策略，率先成為穿梭時空的探險家！穿梭在8個精彩的場景，使用特殊的配件在獨特的3D遊戲板上搶佔領地，收集珍貴的寶藏及無價的神器。每個場景的規則不盡相同，讓每場遊戲都有全新體驗。\r','0000-00-00 00:00:00','0000-00-00 00:00:00'),(134,'大五月花號','https://uploads-ssl.webflow.com/575714cc825e8dbc6c83b98a/5c8676b0bc635f9e8879f71d_Keyflower_BOX_3D.jpg',1650,10,6,'在本遊戲中，每名玩家擁有一張「家園板」與起始的隨機工人團隊。以指定顏色的工人來競標圖板以擴大自己的村莊、升級圖板或獲得資源、技能及更多的工人。玩家不只可以使用自己的圖板，也可以使用其他玩家村莊中的圖板，甚至是正在進行競標的新圖板。在遊戲的前3 輪：春季、夏季和秋季中，大五月花號及她的姐妹艦會帶來更多的工人以及用來生產資源的新技能。在冬季，也是最後一輪中，玩家選擇競標提供各種不同紅利分數的村莊板。遊戲結束時，得分最高的玩家獲勝。\r','0000-00-00 00:00:00','0000-00-00 00:00:00'),(135,'國王的早餐','https://uploads-ssl.webflow.com/575714cc825e8dbc6c83b98a/5e1d3b1455e2a6568d7bfbc8_King%20Lui_Box_3D_2019.jpg',390,10,6,'身為百姓的你受邀進宮，與國王共享早餐。國王是位好主人，讓所有客人優先用餐，客人也該適可而止，不可貪得無懨而吃得比國王還多。容易上手卻精彩無比，值得你一嚐再嚐！\r','0000-00-00 00:00:00','0000-00-00 00:00:00'),(136,'多米諾王國','https://uploads-ssl.webflow.com/575714cc825e8dbc6c83b98a/5ab904bd8d603528a7e92e2c_Kingdomino_Box_3D.jpg',690,10,6,'身為國王，你正在尋找新土地來擴張王國的勢力並提高聲望，必須探索所有的土地、麥田、湖泊以及山脈，來找到最棒的領地。但是要小心，其他的國王也在覬覦這些土地唷！選擇適當的多米諾板塊，妥善地將相同的地形拼放在一起，形成最大的領土，並透過事前的規劃，讓你王國中的每一寸土地都得到完善的利用，以獲得最高的聲望分數！建議搭配「QUEENDOMINO多米諾女王」獲得更多的樂趣！\r','0000-00-00 00:00:00','0000-00-00 00:00:00'),(137,'多米諾王國．骰子對決版','https://uploads-ssl.webflow.com/575714cc825e8dbc6c83b98a/5dc2ad02edd718591a3e23a9_Kingdomino%20Duel_Box_3D.jpg',390,10,6,'《多米諾王國．骰子對決版》是一款獨立遊戲，源自於廣受讚譽的《多米諾王國》。玩家選擇一對骰子形成多米諾骰組，將骰組中的家徽畫到王國中，一組接著一組，形塑你的勢力版圖，並藉由巫師的協助以運用強大的魔法。遊戲結束時，你獲得每塊領土上貴族數量乘以家徽數量的分數，分數較高的玩家獲勝。\r','0000-00-00 00:00:00','0000-00-00 00:00:00'),(138,'多米諾王國玩家板','https://uploads-ssl.webflow.com/575714cc825e8dbc6c83b98a/5ea2d8ac445c9ae6ae4d1f36_Kingdomino_Playmat_Box.jpg',0,10,6,'玩多米諾王國時，一不留意就超出5x5的矩陣嗎？‍您可以下載並列印由法國出版社 Blue Orange 與繪師 Cyril Bouquet 設計的多米諾王國玩家板，讓王國的範圍一目了然！亦可下載自行著色的版本，繪製獨一無二的專屬玩家板喔！\r','0000-00-00 00:00:00','0000-00-00 00:00:00'),(139,'多米諾王國豐年擴充','https://uploads-ssl.webflow.com/575714cc825e8dbc6c83b98a/5ea21cc4996fb625dc6215cc_Kingdomino%20The%20Court%20Print%20%26%20Play_CN_Box.jpg',0,10,6,'法國出版社 Blue Orange × 新天鵝堡桌遊讓你不出門也能獲得新擴充！全球因應疫情，許多地方實施了限令，很多人在這段時間不能出門，甚至面臨重重艱難的考驗。《多米諾王國豐年擴充》由法國出版社 Blue Orange 團隊與設計師在家連線設計，經新天鵝堡翻譯、編輯，提供給大家一些美好的事物，攜手共渡過這段特別的時光。歡迎下載並列印連結中的PDF檔案，其中包含配件與中文說明書。動手剪裁印好的配件，搭配《多米諾王國》或《多米諾女王》開始遊戲！免費，請自行下載連結的PDF檔案列印使用。須搭配《多米諾王國》或《多米諾女王》方能使用\r','0000-00-00 00:00:00','0000-00-00 00:00:00'),(140,'王國','https://uploads-ssl.webflow.com/575714cc825e8dbc6c83b98a/5ab904cbc6b5aa217c1111b9_Kingdom_BOX_3D.jpg',830,10,6,'在一片繁盛、肥沃卻又伴隨著危險的土地上，王國間爭奪著豐富的資源，但從黑暗沼澤和墓地中漫延出來的邪惡勢力不斷帶來災難，而聰明的君主知道如何趨吉避凶。王國是一款步調明快的策略遊戲，玩家們藉由建造自己的城堡以獲得更多的財富，並且不斷和對手們競爭這片土地上有限的資源。但你要謹慎地選擇築城的位置，因為附近有可能會有惡龍、食人妖或是其他災害造成你王國的損失。\r','0000-00-00 00:00:00','0000-00-00 00:00:00'),(141,'幕後交易','https://uploads-ssl.webflow.com/575714cc825e8dbc6c83b98a/5ab904e7987c867ff853db1d_Kuhhandel_BOX_3D.jpg',490,10,6,'什麼？你要用2隻羊來換1隻牛？門都沒有！\r','0000-00-00 00:00:00','0000-00-00 00:00:00'),(142,'麻吉碰碰','https://uploads-ssl.webflow.com/575714cc825e8dbc6c83b98a/5ab904fe987c86977653db2e_Kunterbunt%20Duo_Box_3D.jpg',290,10,6,'超經典兒童遊戲《麻吉》現在還加上變體版本「碰碰」，讓全家大小共享雙倍的快活喔！隨機翻開兩張圖卡，趕快找出兩張卡上完全相同的麻吉物品，形狀和顏色都要相同才行；不多不少只會有一對麻吉，到底是誰呢？在新加入的「碰碰」版本中，任意兩張圖卡上都會有兩對麻吉喔！已經眼花撩亂了嗎？‍一款巧妙又簡單的遊戲，為您帶來兩倍的樂趣！‍英文名稱：CATCH THE MATCH\r','0000-00-00 00:00:00','0000-00-00 00:00:00'),(143,'魔城馬車','https://uploads-ssl.webflow.com/575714cc825e8dbc6c83b98a/5e79605e84a0928ae5ff11e2_Kutschfahrt_box_3D.jpg',490,10,6,'車夫冒著危險在雨中鞭策他的馬匹蜿蜒上山，閃電劃過天際勾勒出惡魔城巨大輪廓。任何人都能確切感受到馬車夫希冀盡快抵達目的地。馬車中的乘客們面色相當地凝重，他們分屬於兩個最有力的組織，並且試圖在旅程中找出各自的同伴。他們傳遞著神秘物品來探知訊息，並且要與同伴安全地保有力量強大的物品以獲得勝利。‍英文名稱：COACH RIDE TO DEVIL\'S CASTLE\r','0000-00-00 00:00:00','0000-00-00 00:00:00'),(144,'洪水警報','https://uploads-ssl.webflow.com/575714cc825e8dbc6c83b98a/5ab90555f9eb2f50ff98a9a8_Land%20Unter_Box_3D.jpg',390,10,6,'海浪一波波襲來，羊群不斷後退，蜷縮在僅剩的角落，如果不想失去你的羊群，就必須用掉你的游泳圈。當你失去游泳圈時，其他玩家都超開心的哦！\r','0000-00-00 00:00:00','0000-00-00 00:00:00'),(145,'出租公寓','https://uploads-ssl.webflow.com/575714cc825e8dbc6c83b98a/5f87447eb11d56540635fa29_Landlord_box_SEAL.jpg',590,10,6,'電力公司作者 Friedemann Friese 的出道作品 — 出租公寓（1992），時至今日依然魅力非凡。現在，它回來了！讓你一圓開心炸房、坑殺房客、惡搞對手的勢利房東夢！遊戲內含120張彩色圖卡，帶來全新的房客、硬幣與說明書。但只有一件事情沒有變，那就是只有最懂得榨出房客每一分錢的房東才能獲勝！\r','0000-00-00 00:00:00','0000-00-00 00:00:00'),(146,'拉長島','https://uploads-ssl.webflow.com/575714cc825e8dbc6c83b98a/5d7eeb96cd01aa9eaf56879a_Langland_ROMME_Box_3D.jpg',390,10,6,'「拉長島」由熱門經典數字牌遊戲改編，即使是小小孩，也可以自行學會這款沒有數字的遊戲。只要1張頭部牌和1張尾部牌便能組合成一隻動物，腹部牌能讓你創造來自拉長島的特有動物，為孩童帶給無限歡樂。率先出清手牌的玩家獲勝！\r','0000-00-00 00:00:00','0000-00-00 00:00:00'),(147,'驚魂星期五','https://uploads-ssl.webflow.com/575714cc825e8dbc6c83b98a/5ab905838d60359787e92e6f_Last%20Friday_Box_3D.jpg',1650,10,6,'驚魂星期五是發生在一個被詛咒的夏季露營地的恐怖遊戲。它講述了一個死而復生的殺人狂魔的故事。\r','0000-00-00 00:00:00','0000-00-00 00:00:00'),(148,'極簡大師','https://uploads-ssl.webflow.com/575714cc825e8dbc6c83b98a/5b081e211f1c5ff1a83ff294_Leg%20Los_box_EN.jpg',1490,10,6,'你得在短短幾秒鐘內，拼放一個圖案，你會訝異其他玩家竟能在你完成前，猜到你的題目是什麼。一瞬間，黃色的圓片變成朝陽…或是一顆荷包蛋…也或許是一個熱氣球……跟著直覺走，開始吧！\r','0000-00-00 00:00:00','0000-00-00 00:00:00'),(149,'無限符裡的規律','https://uploads-ssl.webflow.com/575714cc825e8dbc6c83b98a/5ab905b8fc0a9225d7ada47b_Lex%20in%20Lemniscate_Box_3D.jpg',490,10,6,'在邏輯分析、推理演繹和觀察能力的較量中，挑戰你的對手。你必須盡力施展你的分析能力，來找出無限符號中的圖形序列。這是一款可深可淺的腦力訓練遊戲。\r','0000-00-00 00:00:00','0000-00-00 00:00:00'),(150,'毒來毒往','https://uploads-ssl.webflow.com/575714cc825e8dbc6c83b98a/5ab9061ba14f10d0e8a55d3d_LDoP_BoxCH.jpg',390,10,6,'灰鼠和黃鼬總是互看不順眼，但生活在田野中的他們，性格並非如此好鬥。其實，他們之間的糾葛，只需幾滴毒藥就能解決了……\r','0000-00-00 00:00:00','0000-00-00 00:00:00'),(151,'邏輯客','https://uploads-ssl.webflow.com/575714cc825e8dbc6c83b98a/5ab9062ea14f101964a55d44_Logic_Cards.jpg',250,10,6,'來動動腦吧！ 53項挑戰分為5種難度等級。內含圖示引導、答案以及動畫解題APP。\r','0000-00-00 00:00:00','0000-00-00 00:00:00'),(152,'輝煌的羅倫佐','https://uploads-ssl.webflow.com/575714cc825e8dbc6c83b98a/5ab90652c6b5aabfba1118b4_Lorenzo_Box_3D.jpg',1650,10,6,'羅倫佐·德·麥迪奇是古今中外最具影響力的人物之一。在文藝復興時代，他不僅是義大利著名的外交官和政治家，同時也大力贊助將國家帶到極度繁榮的藝術家和詩人。在本遊戲中，玩家們將化身為佛羅倫斯最有權勢和聲望的歷史名人。\r','0000-00-00 00:00:00','0000-00-00 00:00:00'),(153,'失落的城市','https://uploads-ssl.webflow.com/575714cc825e8dbc6c83b98a/5ab90664987c86898a53dc13_LostCities_Box_3D.jpg',830,10,6,'這是屬於兩個人的刺激冒險！為了勇氣與冒險精神，我們將前去尋找世界上諸多失落的城市。這趟旅程將會帶你走訪喜馬拉雅山脈、巴西雨林、撒哈拉大沙漠、古老的火山和海洋王國。玩家必須選擇從哪裡開始冒險而哪里要留給另一位玩家去探索。你或許會有機會提高你的探險投資以得到更高的成功報酬，但也將承擔更大的失敗風險。能夠找到平衡點的玩家就能成功探索並且贏得遊戲。\r','0000-00-00 00:00:00','0000-00-00 00:00:00'),(154,'情書〔美版插畫〕','https://uploads-ssl.webflow.com/575714cc825e8dbc6c83b98a/5ab90670326fa9b23aea11b7_Love_Letter_Box_3D.jpg',390,10,6,'贏取公主芳心！在一個古老的王國中有位美麗動人、溫柔又善良的公主，全國上下都深愛著她。不少年輕人不可自拔地陷入對公主的迷戀，可是公主深居簡出，難以一親芳澤。他們只能將滿腔的熱情化作一紙情書，託人帶進皇宮，期盼能交到公主的手上、打動她的芳心。\r','0000-00-00 00:00:00','0000-00-00 00:00:00'),(155,'情書〔日版插畫〕','https://uploads-ssl.webflow.com/575714cc825e8dbc6c83b98a/5ab9067e987c8611a053dc25_Love%20Letter-Kanai_Box_3D.jpg',390,10,6,'情書是款在風險、運氣與邏輯推演間斡旋的經典遊戲。將你的情書送到公主手上，同時攔截其他人的情書。強力的卡牌有驚人的效果，但同時也讓你暴露於危險當中。但另一方面，如果只依賴弱小的卡牌，你的情書最後大概會淪為被當作廢紙燒掉的下場吧！\r','0000-00-00 00:00:00','0000-00-00 00:00:00'),(156,'狼人','https://uploads-ssl.webflow.com/575714cc825e8dbc6c83b98a/5ab9068ca14f1044f0a55d62_LIT_box_3D_new.jpg',690,10,6,'狼人在一個名為Tabula的偏僻小村莊出沒：每天晚上，某些村民將會變身成狼人，並殺害無辜的村民來滿足他們殺戮的慾望。存活下來的村民們白天聚集在一起討論到底誰是狼人？在討論結束後他們將會選出一位最有可能是狼人的嫌疑犯來處死。你能在這場災難中存活下來嗎？或是你能解開在這滿月下的謎團？一款能讓眾多玩家共享的經典遊戲。\r','0000-00-00 00:00:00','0000-00-00 00:00:00'),(157,'洞察掀機','https://uploads-ssl.webflow.com/575714cc825e8dbc6c83b98a/5ab9069b326fa972e4ea11ce_Macroscope_Box_3D.jpg',830,10,6,'消失的主角 0.0版\r','0000-00-00 00:00:00','0000-00-00 00:00:00'),(158,'仙子魔法陣','https://uploads-ssl.webflow.com/575714cc825e8dbc6c83b98a/5ab906c4fc0a9258f7ada56c_MagicCircle_BOX_3D.jpg',690,10,6,'庇里牛斯山山麓正在舉辦盛大的舞會，仙子們圍繞著篝火展現各自的舞姿，歡慶最受人敬重的魔法師八百歲壽誕。\r','0000-00-00 00:00:00','0000-00-00 00:00:00'),(159,'磁石魔法迷宮','https://uploads-ssl.webflow.com/575714cc825e8dbc6c83b98a/5e795c6496481cd16114604c_MagischeLab_Box_2020.jpg',1490,10,6,'噢，見鬼！小魔法師揉了揉他吃驚的雙眼：這裡有道牆嗎？魔法師的小學徒們好奇地進入迷宮探險，他們今天有個很重要的挑戰：尋找魔法符號！如果不是魔法師不時施展法術開這群小朋友玩笑的話，這其實是個很簡單的任務，然而，原本的通道已經因為魔法而關閉，而另一條密道正緩緩開啟……每名玩家試著用手上的小魔法師來征服這座磁石魔法迷宮，成為第一名收集5個魔法符號的玩家。‍英文名稱：MAGIC LABYRINTH\r','0000-00-00 00:00:00','0000-00-00 00:00:00'),(160,'陛下','https://uploads-ssl.webflow.com/575714cc825e8dbc6c83b98a/5ab90844326fa9b4a6ea1574_Majesty_Box_3D_CH.jpg',990,10,6,'您的皇冠、您的王國\r','0000-00-00 00:00:00','0000-00-00 00:00:00'),(161,'猴戲擂台','https://uploads-ssl.webflow.com/575714cc825e8dbc6c83b98a/5cdcfeca6a0bd0602d35ad36_ManicMonkeys_BOX_3D.jpg',390,10,6,'這些搞笑的猴子模仿所見所聞的一切，記住牠們發出的聲音和做出的動作，然後依序表演這些猴戲。堅持到最後，都能正確完成任務的玩家，就是模仿大王。邀請親朋好友共同參與一場歡樂無限的模仿大賽！\r','0000-00-00 00:00:00','0000-00-00 00:00:00'),(162,'馬尼拉','https://uploads-ssl.webflow.com/575714cc825e8dbc6c83b98a/5ab9086a326fa93d1cea1590_Manila_Box_3D_CN.jpg',1490,10,6,'現在是西元1821年，西班牙人控制菲律賓島嶼已經250年了。但是，直到目前為止，西班牙人並未實際控制一切。在殖民地的權力背後，一些固執己見的本地人已經建立起與鄰近島嶼以及亞洲大陸的秘密的海洋貿易管道。這些黑市商人使用看起來非常奇特的平底船以及脆弱的竹筏，將肉豆蔻，絲綢，玉，以及人蔘填滿他們的船，並且將它們走私運進馬尼拉。每一次投機活動的勝算並不明確，船長與船在海中的適航性也相當貧乏。海盜在旁伺機劫掠那些無法從他們手中逃脫的船，為這些船增添幾些不幸。想要親身體驗馬尼拉黑市交易的過程嗎？快來瞧瞧吧！\r','0000-00-00 00:00:00','0000-00-00 00:00:00'),(163,'高塔神廟','https://uploads-ssl.webflow.com/575714cc825e8dbc6c83b98a/5d5e5c9ff446fe763e92b610_Menara_BOX_3D.jpg',1320,10,6,'這片土地受到遠古的詛咒。如果你們不小心，即使只是一個閃神，都要付出代價，會讓神廟指定興建的高度增加一層樓。你們得控制好顫抖的手指，審慎抉擇，建造穩固的結構，並確保彼此手中的柱子都能發揮作用。良好的溝通加上緊密合作，共同達成重建高塔神廟的目標。\r','0000-00-00 00:00:00','0000-00-00 00:00:00'),(164,'貓貓食堂','https://uploads-ssl.webflow.com/575714cc825e8dbc6c83b98a/5b3b092171762ff555a400c1_Kittys_Box_CH.jpg',390,10,6,'貓貓食堂是一款輕鬆、簡單的紙牌遊戲。玩家扮演貓咪，和夥伴進行固定集會，目標是到有更多好吃東西的地方覓食，但是如果你去的覓食場比首領的還優，那就不喵囉！在覓食場不優於首領的情況下，盡量享用美食吧！\r','0000-00-00 00:00:00','0000-00-00 00:00:00'),(165,'速速城國','https://uploads-ssl.webflow.com/575714cc825e8dbc6c83b98a/5c1db425fa9b3b0261d74d12_MinuteRealms_BOX.jpg',890,10,6,'這是史上少見，節奏明快的王國發展遊戲。只要經過數輪遊戲，便可以透過財富打造屬於自己的王國。你會興建華美的建築來為你的王國增添色彩？或是建造堅固的堡壘以防禦外敵入侵，來保衛疆土和人民？國王的日常沒那麼簡單，每個決定都對你的領地有著深遠的影響，每個行動都可能是勝負的關鍵！\r','0000-00-00 00:00:00','0000-00-00 00:00:00'),(166,'奇獸競技場','https://uploads-ssl.webflow.com/575714cc825e8dbc6c83b98a/5ab908f7987c862c5153de70_MonstersArena_Box.jpg',290,10,6,'玩家扮演魔法學院的學員，在奇獸飼育學的成果驗收中，要讓自己的奇獸在決鬥中勝出。在三回合的決鬥中，如何搭配自己奇獸的出場順序，並且猜測對手的奇獸組合，以獲取高分來贏得勝利。\r','0000-00-00 00:00:00','0000-00-00 00:00:00'),(167,'我的村莊','https://uploads-ssl.webflow.com/575714cc825e8dbc6c83b98a/5ab90904326fa90e6fea15ff_My%20Village_Box.jpg',1650,10,6,'村莊的歷史又翻開了新的篇章，每位玩家將帶領自己的村莊，為了榮譽和財富而奮鬥。你在遊戲開始時只有一小塊田地，以及5位不同職業的村民：修道院長、議員、旅行家、工匠和商人。你將通過增加建築和農田來改善村莊，還要發展你的旅遊業，來吸引顧客和僧侶，與此同時，時間一刻不停地往前走。不時會有村民過世，他的職業將成為空缺。即使你可以培訓新人來填補他的位置，很快，你就不得不做出取捨，將精力專注於其它地方。‍我的村莊是一款獨立遊戲，它的背景設定與著名的獲獎遊戲村莊相同。它將熟悉的元素與新鮮的機制融合在一起，無論是新手玩家還是村莊的粉絲都將深受其吸引。\r','0000-00-00 00:00:00','0000-00-00 00:00:00'),(168,'抖抖山大冒險','https://uploads-ssl.webflow.com/575714cc825e8dbc6c83b98a/5ab9091c326fa95b5eea1611_Mystic%20Mountains%20Adventure_Box_3D.jpg',690,10,6,'聽損的小熊和機伶的小猴是超能力學校的同班同學，牠們即將畢業，但必須抽籤，分組合作完成「一項不可能的任務」，才能畢業。小熊和小猴都抽到「到抖抖山幫驢子爺爺找到紅盒子」，出任務的過程中，玩家化身為山中的可愛動物，你們能否合力協助小熊和小猴，突破各項挑戰，讓牠們順利找到驢子爺爺的紅盒子呢？\r','0000-00-00 00:00:00','0000-00-00 00:00:00'),(169,'紐約 1901','https://uploads-ssl.webflow.com/575714cc825e8dbc6c83b98a/5ab9092c326fa94a34ea1730_NY1901_Box_3D.jpg',1320,10,6,'為紐約進行都市更新，開啟下一階段的輝煌歷史。在曼哈頓下城區一些最具標誌性街道上建設更高更大的摩天大樓。建造出四大傳奇摩天大樓之一：公園街大樓、勝家大樓、曼哈頓人壽保險大樓、伍爾沃斯大樓，使其成為你房地產帝國王冠上一顆璀璨的寶石。\r','0000-00-00 00:00:00','0000-00-00 00:00:00'),(170,'瀑布淘金客','https://uploads-ssl.webflow.com/575714cc825e8dbc6c83b98a/5ab9093afc0a925658adb7f2_Niagara_Box_3D_CH.jpg',1490,10,6,'尼加拉淘金熱！無懼風浪，勇敢的冒險者們乘著獨木舟，蜂擁至尼加拉河中，只為了閃亮亮的寶石！隨著獨木舟越來越靠向危險瀑布，必須更小心翼翼，一旦稍有閃失，就是萬劫不復的深淵！\r','0000-00-00 00:00:00','0000-00-00 00:00:00'),(171,'目擊者之夜','https://uploads-ssl.webflow.com/575714cc825e8dbc6c83b98a/5f6d89f01b318a3b7ff66db5_Night%20of%20Witnesses_Box.jpg',390,10,6,'疑神疑鬼的密室推理陣營遊戲山中作客的夜晚，主人慘遭殺害！\r','0000-00-00 00:00:00','0000-00-00 00:00:00'),(172,'仙丹妙搖','https://uploads-ssl.webflow.com/575714cc825e8dbc6c83b98a/5ab90952987c86645f53df4a_NitroGlyxerol_Box_3D.jpg',1160,10,6,'在混亂中『搖出』秩序的大挑戰！搖動你的燒瓶，混合五種不同的成分，製作難度破表的仙丹妙藥！小心，你的對手也在緊鑼密鼓地煉丹中。你能完成這個絕世配方嗎？隨時調整你搖晃燒瓶的角度，好讓仙丹現世！這款老少咸宜的遊戲在任何場合都能帶來歡樂、緊張的氣氛。\r','0000-00-00 00:00:00','0000-00-00 00:00:00'),(173,'農場早點名','https://uploads-ssl.webflow.com/575714cc825e8dbc6c83b98a/5c248088058af7ae42e44187_Now%20you%20see%20me_CN_Box_3D.jpg',690,10,6,'若你玩過「1、2、3木頭人」，很快就能學會這款遊戲，不同的是，改為與農場的可愛動物一起進行遊戲。當你閉上雙眼時，有些動物悄悄移動，可能跑進或跑出農場，可能自己換了位置或和其他動物交換位置，你能猜出到底發生了什麼事嗎？在你跑我猜的過程中，樂趣無窮！\r','0000-00-00 00:00:00','0000-00-00 00:00:00'),(174,'三賤髂','https://uploads-ssl.webflow.com/575714cc825e8dbc6c83b98a/5fc4892fee2528c9a1f8d95f_NOX_Box_3D_EN.jpg',390,10,6,'賤到骨子裡！每天晚上，高帽髂、菸斗髂和貝雷髂都在爭論誰才是最詭計多端的賤骨頭？誰最會陷害別人來獲得高分？究竟誰才是真的賤到骨子裡呢？\r','0000-00-00 00:00:00','0000-00-00 00:00:00'),(175,'OFFICE 21','https://uploads-ssl.webflow.com/575714cc825e8dbc6c83b98a/5ab909bd326fa9033cea187b_Office21_Box_3D.jpg',450,10,6,'械噗市在景氣低迷物價飆漲的壓迫之下，政府祭出了每間集團總利潤超過21K 就要被扣押的政策。各集團的老闆們用各種手段來提高利潤，以求儘快達到21K 贏得勝利，但又擔心超過21K 遭到扣押，猶如走鋼索一般。查稅員和間諜讓這場競爭雪上加霜，勝利條件隨時可能改變！到底應該放手一搏還是且戰且走？你能抓準時機奪下勝利嗎？\r','0000-00-00 00:00:00','0000-00-00 00:00:00'),(176,'御木屋','https://uploads-ssl.webflow.com/575714cc825e8dbc6c83b98a/5ab909c8fc0a9295b8adb86a_Okyia_Box_3D_SEAL.jpg',550,10,6,'御木屋──藝伎之家，為了得到天皇的恩寵，你必須讓旗下的藝伎在花園裡排列出最動人的隊形，或是阻擋競爭對手，讓他無法加派人手！一款簡單、機智又充滿詩意的遊戲。\r','0000-00-00 00:00:00','0000-00-00 00:00:00'),(177,'探索侏羅紀','https://uploads-ssl.webflow.com/575714cc825e8dbc6c83b98a/5be54b8571001a2e4216b244_ON%20THE%20HUNT%20FOR%20DINOS_Box.jpg',490,10,6,'恐龍被發現在叢林中！大家一起追蹤恐龍走過的足跡來親身體驗這份刺激。但是要看到這些巨大的古代生物並不是想像中的容易，除了勇氣還需要專注力和記憶力，你有否這勇氣接受尋找遠古恐龍的挑戰？一款考記憶力的恐龍卡牌遊戲。\r','0000-00-00 00:00:00','0000-00-00 00:00:00'),(178,'從前從前…','https://uploads-ssl.webflow.com/575714cc825e8dbc6c83b98a/5ab909d6c6b5aa0d60111e79_Once%20upon%20a%20time_Box_3D.jpg',890,10,6,'壯烈的冒險？浪漫的愛情？惡毒的詛咒？說個獨屬於你的奇幻冒險故事！這款說故事紙牌遊戲中提供許多童話故事中常見的元素，例如：王子、森林或仙女。一名玩家擔任說書人開始說故事，故事中要包含他的故事卡上的關鍵字，並將故事合理地導向他手中結局卡上的結局。其它玩家則要使用手牌打斷說書人，並成為新的說書人。最後的贏家是先把手上故事卡用完、並將故事帶到自己結局上的玩家。但本遊戲的樂趣不是在於獲勝，而是在一起說故事中獲得樂趣！\r','0000-00-00 00:00:00','0000-00-00 00:00:00'),(179,'養牛趣','https://uploads-ssl.webflow.com/575714cc825e8dbc6c83b98a/6008f339fe6fcd30adfd01e5_Organic%20Herd_Box_3D.jpg',1160,10,6,'阿爾卑斯山麓有肥美的水草、充足的日光和清新的空氣，相當適合發展畜牧業，因此，山坡上處處可見牛羊漫步，草原上點綴著古樸農莊。雖然環境得天獨厚，牛群還是需要牧人的悉心照顧，需要注意四季更迭，還要留心疾病防治，並適時提供天然的營養補給，才能讓牛群都頭好壯壯，打造欣欣向榮的牧場。遊戲一共進行16輪，分為4個季節，玩家每輪可以選擇以下一個行動來執行：餵食、交配、購買、販賣，玩家可依據該輪的特殊事件，來決定自己要採取什麼行動可獲得最大的收益，遊戲結束時，由經營牧場贏得最多財富的玩家獲勝！\r','0000-00-00 00:00:00','0000-00-00 00:00:00'),(180,'富饒之城2','https://uploads-ssl.webflow.com/575714cc825e8dbc6c83b98a/5f5f1b98917d443e1d834a88_Oriflamme_BOX_3D.jpg',590,10,6,'國王駕崩了，但沒有任何後裔，王國內各權貴家族為了奪取政權，使出各種陰謀、詭計⋯⋯甚至不惜用鮮血交換利益。究竟誰能帶領自己的家族，在這場戰役中脫穎而出，取得王位？\r','0000-00-00 00:00:00','0000-00-00 00:00:00'),(181,'摺摺稱奇','https://uploads-ssl.webflow.com/575714cc825e8dbc6c83b98a/5c1cc107fadfd538cd866d7f_Origami_BOX.jpg',390,10,6,'偉大的摺紙大師用神奇魔力，將摺紙動物帶到真實世界中。眾多出色的挑戰者為了爭奪大師的頭銜將進行挑戰！你在摺紙藝術上的造詣可否感動評審，贏得「最佳摺紙藝術家」的頭銜？「摺摺稱奇」是一款適合所有玩家、步調快速且有趣的紙牌遊戲！你不需要摺任何紙，除了製作起始玩家指示物！\r','0000-00-00 00:00:00','0000-00-00 00:00:00'),(182,'奧爾良','https://uploads-ssl.webflow.com/575714cc825e8dbc6c83b98a/5ff2f705bc9ac28230b24d6e_ORLEANS_BOX_2021.jpg',2480,10,7,'運籌帷幄，決勝千里！你身處中世紀時代的奧爾良。為了執掌一方霸權，你將徵募農民、商人、騎士、僧侶等列隨從來開拓商路、建設城市、研究科技，從而擴大你的影響力。騎士擴大你行動的疆域，確保你商路的安全；工匠能夠建造貿易站，開發各種提高效率的工具；學者在科學上開拓進取。另外，修道院也非常重要，不得不說，這些僧侶讓你避免了命運帶來的挫折。為了更好地發展，你總是想執行更多行動。獲勝的手段多種多樣，關鍵在於你是否能夠駕馭策略，融合所有的要素，最終擊敗你的對手！買〔奧爾良2020年版〕送〔奧爾良強敵入侵擴充〕& 〔奧爾良貿易與陰謀擴充〕送完為止買奧爾良系列任意商品送一套4款promo（牌背有些微色差）送完為止\r','0000-00-00 00:00:00','0000-00-00 00:00:00'),(183,'智取狐狸','https://uploads-ssl.webflow.com/575714cc825e8dbc6c83b98a/5c1ca7defadfd56a35864d62_Outfox_Box.jpg',890,10,7,'「馬上把我的雞仔還來！」，公雞漢斯啼叫著，他憤怒地伸展雙翅，但囂張的小偷並沒有嚇到，反而笑著逃跑，和朋友們躲在狐狸窩中。究竟哪隻狐狸才是小偷？用鑰匙打開狐狸窩的門，幫助漢斯將狐狸從窩裡引出來。你遇到了四位動物朋友，他們是目擊者，提供四個線索，讓你掌握小偷的特徵。\r','0000-00-00 00:00:00','0000-00-00 00:00:00'),(184,'塔雲軒','https://uploads-ssl.webflow.com/575714cc825e8dbc6c83b98a/5ab90a90987c866fb153e117_Pagoda_Box_3D.jpg',990,10,7,'古中國的皇帝將尋訪你的州郡！為皇帝建造一座輝煌的寶塔，是你的榮耀！\r','0000-00-00 00:00:00','0000-00-00 00:00:00'),(185,'冰山疊企鵝','https://uploads-ssl.webflow.com/575714cc825e8dbc6c83b98a/5ab90c9bf9eb2f83eb98b323_Penguin%20Pile%20Up_Box_3D.jpg',990,10,7,'溫室效應讓每一座冰山都成了企鵝必爭之地。隨著企鵝的登陸，冰山會跟著晃動，你的企鵝真的站穩了嗎？還是一鬆手就會滑落冰水裡？你要謹慎挑選登陸的位置，讓冰山保持平衡，以防企鵝滑落。若你能首先將你所有的企鵝送上冰山，你就是贏家！這需要謹慎的計畫和一雙穩定的手來達成。如果企鵝滑倒了，你就只能重新開始⋯⋯\r','0000-00-00 00:00:00','0000-00-00 00:00:00'),(186,'終點攝影 - 最後衝刺','https://uploads-ssl.webflow.com/575714cc825e8dbc6c83b98a/5ab90cc9f9eb2f3a7998b378_Photofinish_Box_3D.jpg',690,10,7,'一款由玩家們扮演卡丁車賽裁判員的遊戲，它將考驗您是否具備敏銳的眼力和快速的思考能力！\r','0000-00-00 00:00:00','0000-00-00 00:00:00'),(187,'蟲蟲燒烤派對','https://uploads-ssl.webflow.com/575714cc825e8dbc6c83b98a/5e796c64777a892c1e1454d1_PICKOMINO_Box_2017.jpg',690,10,7,'這是個讓人胃口大開的輕鬆骰子遊戲，適合2~7位喜歡試手氣的小雞們。在蟲蟲燒烤店前，小雞群聚擲骰想贏得烤蟲。大家輪流擲骰數次，除了擲出的點數相加起來要超過牌上的數字之外，其中還要有「蟲」的圖案才可以得到烤蟲喔！數字越大的牌上面的蟲也越多，太貪吃的小雞常會摃龜，但不敢放手一搏的小雞常常也只有餓肚子的份！當遊戲結束時，擁有最多條蟲的人獲勝。\r','0000-00-00 00:00:00','0000-00-00 00:00:00'),(188,'蟲蟲燒烤豪門派對','https://uploads-ssl.webflow.com/575714cc825e8dbc6c83b98a/5d5cdd260a3fc955e6348559_Pickomino-Deluxe_box_3D.jpg',890,10,7,'「蟲蟲燒烤派對」夥同擴充「加料蟲」和「青蘋果」大開豪門派對！青蘋果的滋味讓赴宴的雞仔胃口大開，就像氧氣讓碳火燒得更加猛烈，烤出來的蟲蟲嘎嗞嘎嗞美味無比！這場骰子大戰讓豪門派對通宵達旦，絕無冷場，值得收藏！\r','0000-00-00 00:00:00','0000-00-00 00:00:00'),(189,'妙筆神猜','https://uploads-ssl.webflow.com/575714cc825e8dbc6c83b98a/5ab90cf8f9eb2f337d98b38f_Pictomania_BOX_3D.jpg',1490,10,7,'你知道斑馬長什麼樣子嗎？你畫得出來嗎？不會？！那這個遊戲就是專為你設計的！只要能讓其他玩家看出你畫的斑馬不是車子就夠了！玩妙筆神猜時每個人畫一個謎題，同時也猜別人所畫的謎底，遊戲時間不足以讓你畫一幅傑作，你最好能用簡單的筆觸畫個簡圖來表達你的謎題，這樣你就有更多時間來猜測其它玩家的謎底。計分方式簡單而精彩，讓猜對的人和畫得正確的人都得分，動作快的人也有額外加分喔！\r','0000-00-00 00:00:00','0000-00-00 00:00:00'),(190,'海盜風雲','https://uploads-ssl.webflow.com/575714cc825e8dbc6c83b98a/5ab90d13a14f10b1c2a56583_Piratissimo_BOX_3D.jpg',1160,10,7,'一場恃強凌弱的冒險即將展開！你可以在本遊戲中掠奪失落的寶藏、策略性思考、戰勝龍捲風⋯ 獲得滿滿的歡樂！1.海盜們揚帆，在一座座島嶼搜尋寶藏，當心！別讓龍捲風掃到囉！2.海盜精神！你有辦法戰勝群雄，成為一名偉大的海盜嗎？3.成敗論英雄！ 率先帶回9 個寶藏的海盜就是贏家！\r','0000-00-00 00:00:00','0000-00-00 00:00:00'),(191,'創世星球','https://uploads-ssl.webflow.com/575714cc825e8dbc6c83b98a/5f98d87e2319d6845d0d3fd4_PLANET_Box_3D_2020.jpg',1320,10,7,'一個全新的世界正在你的手中成形，延伸山脈和沙漠，擴展森林、海洋及冰原。運用策略，佈局大陸，組成適合動物繁衍的環境，將你的星球發展成物種最豐富的棲息地！\r','0000-00-00 00:00:00','0000-00-00 00:00:00'),(192,'皇家港','https://uploads-ssl.webflow.com/575714cc825e8dbc6c83b98a/5ab90d20a14f105b9ca5658e_Port%20Royal_Box_3D.jpg',490,10,7,'在皇家港的碼頭上，生活總是繁華忙碌，而你也想在這裡混一口飯吃，但別太冒險，不然你的存貨會耗盡。別忘記撥出你的部分收益給總督及海軍上將以獲得他們的庇護，並僱用各行各業的人物來幫助你往目標前進。試著擴展你的影響力，讓你成為名垂青史的遠征軍。\r','0000-00-00 00:00:00','0000-00-00 00:00:00'),(193,'巫術學院','https://uploads-ssl.webflow.com/575714cc825e8dbc6c83b98a/5ab90d3cc6b5aa203611247b_PotionExplosion_box_3D.jpg',1250,10,7,'各位親愛的同學：又到了期末考試的時刻，考試規則一如往常：從成分供應機內取用所需的成分彈珠並注意其變化。如果相同顏色的成分彈珠相互碰撞，就會引發爆炸...... 你可以拿走它們！使用你收集的成分彈珠來完成藥水，並飲用藥水來釋放其魔法的神奇威力。\r','0000-00-00 00:00:00','0000-00-00 00:00:00'),(194,'電力公司','https://uploads-ssl.webflow.com/575714cc825e8dbc6c83b98a/5f61d537ad9446ce1cec6ab5_PowerGrid_Box_2020.jpg',1490,10,7,'每位玩家經營一間電力公司，要在各城市間提供電力。遊戲中，玩家透過競標購買發電廠，添購煤、石油與鈾等發電燃料，並且在城市間建立電力網絡。遊戲結束時，供應最多城市電力的玩家獲勝！‍全新版的電力公司讓玩家再次電力滿格，延續了第一版的策略高度及遊戲樂趣，許多細節的調整與更新，讓原本就競爭激烈的遊戲，在鬥智中讓人更加渾然忘我！\r','0000-00-00 00:00:00','0000-00-00 00:00:00'),(195,'電力公司紙牌版','https://uploads-ssl.webflow.com/575714cc825e8dbc6c83b98a/5ab90d56f9eb2f1b2898b406_PowerGridCardGame_Box%203D.jpg',690,10,7,'玩家在遊戲中擔任勢力強大的電力公司老總，經由競標購買發電廠，並購入燃料用以發電。每一輪你能供應的電力決定了收入的多寡。遊戲結束時，能供應最高電力的玩家獲勝！電力公司紙牌版讓您無須地圖就能享受媲美電力公司、電力公司豪華版的策略深度與60 分鐘的緊張刺激！包含拆廠包商擴充，可搭配電力公司紙牌版、電力公司及電力公司豪華版進行遊戲。\r','0000-00-00 00:00:00','0000-00-00 00:00:00'),(196,'景公主','https://uploads-ssl.webflow.com/575714cc825e8dbc6c83b98a/5ab90debc6b5aac03e112588_PrincessJing_BoxCH.jpg',1250,10,7,'時值明朝，兩位公主困在北京的紫禁城中。景公主與她的妹妹芳公主已經許配給盟國的兩位年老王侯，皇上嚴禁她們私會其他男人，但姐妹們無視禁令，各與一名錦衣衛隊長互訴愛意，浪漫情詩在屏風之廳蔓延。在鏡官森嚴的戒備下，公主小心翼翼地穿過重重屏風，試圖逃出紫禁城，爭取戀愛自由。忠心的宮女喬裝成公主，企圖瞞天過海，但是頭冠洩漏了公主的身分……\r','0000-00-00 00:00:00','0000-00-00 00:00:00'),(197,'波多黎各','https://uploads-ssl.webflow.com/575714cc825e8dbc6c83b98a/5ab90dfac6b5aaf35a11258e_PuertoRico_box.jpg',1490,10,7,'遊戲史上永遠的里程碑！深度遊戲經典代表！全球玩家必玩作品！1493年，哥倫布發現大安第列斯群島最東端的島嶼；50年後，波多黎各開始蓬勃發展。這一切，都要透過玩家們的努力！藉由擔任不同的角色，進行探勘、生產、建設以及揚帆出航等不同行動，你們試圖開拓出最富饒的田野，以及最璀璨的市景。是誰能在最終，獲得最高的分數，享受在新世界的成就，以及舊世界人民的景仰？‍\r','0000-00-00 00:00:00','0000-00-00 00:00:00'),(198,'古墓企鵝','https://uploads-ssl.webflow.com/575714cc825e8dbc6c83b98a/5b089ee1169c4077224b14a1_Pyramid_of_Pengqueen_BOX_3D.jpg',1160,10,7,'四隻勇敢的企鵝進入傳說中的企鵝法老王金字塔，必須在木乃伊將牠們拖入石棺之前，找到神奇的寶藏。古墓企鵝是一款策略遊戲，適合孩童、親子以及一般玩家，遊戲中，你必須在扮演木乃伊的玩家捉到你之前，收集指定的寶藏。雙面的磁性遊戲板，讓兩側玩家的行動能保持神秘。\r','0000-00-00 00:00:00','0000-00-00 00:00:00'),(199,'多米諾女王','https://uploads-ssl.webflow.com/575714cc825e8dbc6c83b98a/5ab90e08f9eb2ff68998b46f_Queendomino_Box_3D_CN.jpg',990,10,7,'藉由占領麥田、森林、湖泊、草原、沼澤及山脈，打造最有聲望的王國，同時派遣騎士廣收租稅，為你帶來財富。雄厚的資金與巧妙的策略，協助你建造各種建物，將其發展為富饒之城。在你贏得女王青睞的同時，當心伺機出動的火龍！建議搭配『KINGDOMINO多米諾王國』獲得更多的樂趣！\r','0000-00-00 00:00:00','0000-00-00 00:00:00'),(200,'怪獸面具島','https://uploads-ssl.webflow.com/575714cc825e8dbc6c83b98a/5c88cec6d64dac2ded1ddff8_Quickpick_CN_Box_3D.jpg',490,10,7,'當我們到達怪獸面具島的時候，迎接我們的只有奇怪生物們不停地怪笑。我們給自己也戴上大大的怪獸面具，但卻再也無法彼此相認，迷失在這怪獸叢生的荒誕小島中。如何能夠找出你的朋友們？你能從模仿某位朋友表情的怪獸臉上看出端倪嗎？最先指認出正確朋友的人即可得分，最會扮演怪獸表情的人也能獲得高分喔！\r','0000-00-00 00:00:00','0000-00-00 00:00:00'),(201,'彈彈兔拉力賽','https://uploads-ssl.webflow.com/575714cc825e8dbc6c83b98a/5be549b1b163cd70740efafd_RuebenRallye_Box.jpg',1160,10,7,'閃閃金光的蘿蔔和其他美味的胡蘿蔔，都生長在湖泊對岸的島嶼上，可憐的兔子們又不善於游泳。一位聰明的兔子想到把大石頭棄到湖中，再放上木板當作橋樑來過湖。糟糕了！没有足够的木板，牠們必須使用相同的橋樑材料，錯誤地估計木板長度便會原地不動。這場激烈的拉力赛開始了！請小心謹慎地測量和搭建橋樑。一款具挑戰性、有趣、距離及空間評估的競賽卡牌遊戲。\r','0000-00-00 00:00:00','0000-00-00 00:00:00'),(202,'乾杯','https://uploads-ssl.webflow.com/575714cc825e8dbc6c83b98a/5ab90eacc6b5aa1479112647_RAISE%20YOUR%20GOBLETS_Box_3D.jpg',1250,10,7,'一場杯觥交錯、明爭暗鬥的遊戲，搭配美酒和毒藥，適合2-12位各懷鬼胎的玩家一同較勁。在古代的歐崔維亞王國，每個人都喜歡國王，但更想成為國王！若要將繼承制度變得對你有利，只要將一滴毒藥放入正確的酒杯中⋯⋯準備好進行一場狡猾、欺騙和虛張聲勢的遊戲！將你的酒藏在屏風後面，倒入一滴毒藥在謀害目標的酒杯裡，並且手上務必握有一滴解藥⋯⋯因為有一名玩家正在計劃毒殺你！你必須隨時準備好乾杯！\r','0000-00-00 00:00:00','0000-00-00 00:00:00'),(203,'最後的迅猛龍','https://uploads-ssl.webflow.com/575714cc825e8dbc6c83b98a/5ab90ec2fc0a92227fadcd84_RAPTOR_Box_3D.jpg',1160,10,7,'「恐龍並非滅絕了！在太平洋群島中，我們發現了一個雌性迅猛龍以及它的孩子。當前任務：活捉幼龍或麻醉成年迅猛龍。一場血腥肉搏是免不了了！」\r','0000-00-00 00:00:00','0000-00-00 00:00:00'),(204,'搶救彩虹','https://uploads-ssl.webflow.com/575714cc825e8dbc6c83b98a/5ab90f9afc0a924d51adce50_Regenbogenland_Box_3D_DE.jpg',990,10,7,'彩虹失去了繽紛色彩！快快收集彩虹掉落的彩色雨滴，如果你們同心協力，就能幫助彩虹回復原有的繽紛。路上隨時要注意巫師的動向，他在你們後面追趕，企圖搶走你的彩色雨滴！如果你們合力搶在巫師之前為彩虹找回遺失的雨滴，讓彩虹恢復絢爛，就能贏得勝利，否則，讓巫師得逞大家就輸了。這是一場驚險刺激的彩虹之戰！\r','0000-00-00 00:00:00','0000-00-00 00:00:00'),(205,'超級犀牛：終極對戰','https://uploads-ssl.webflow.com/575714cc825e8dbc6c83b98a/5ab90f518d60352a22e93660_Super%20Rhino_SuperBattle_Box_3D.jpg',1490,10,7,'超級犀牛回來了！這次不僅要攀爬搖晃的摩天大樓，而且超級犀牛、長頸鹿、大象和蝙蝠鵝四大英雄將在高空一決勝負。究竟誰能擺脫卑鄙小猴的干擾，贏得這場激烈的爭霸戰呢？獨立遊戲，更複雜的堆疊方式讓大樓更壯觀也更容易晃動！\r','0000-00-00 00:00:00','0000-00-00 00:00:00'),(206,'碰撞機器人','https://uploads-ssl.webflow.com/575714cc825e8dbc6c83b98a/5ab90f71a14f10ac95a568bd_RICOCHET%20ROBOTS_3D_Box.jpg',1490,10,7,'8片版圖，超過1500種地圖變化！\r','0000-00-00 00:00:00','0000-00-00 00:00:00'),(207,'指環套套','https://uploads-ssl.webflow.com/575714cc825e8dbc6c83b98a/5ab90fad987c861e8353ec7a_RingsUp_3D_Box.jpg',490,10,7,'「指環套套」為你和朋友們設計了50個挑戰，要一一過關必須動作迅速和眼明心細。每回合玩家們比賽看誰能用最快的速度，將各色指環依照挑戰卡上的指示，套在自己的大拇哥上。在高手環伺的狀況下，誰才能捷足先登「指環之王」的寶座呢？！\r','0000-00-00 00:00:00','0000-00-00 00:00:00'),(208,'過河拆橋','https://uploads-ssl.webflow.com/575714cc825e8dbc6c83b98a/5ab90fc58d60355546e93685_RIVER%20DRAGON_Box_3D.jpg',1320,10,7,'疊石造橋，跨越天險，還要閃避惡龍！究竟誰才能成為第一位橫渡湄公河的勇士呢？\r','0000-00-00 00:00:00','0000-00-00 00:00:00'),(209,'拼裝機器人','https://uploads-ssl.webflow.com/575714cc825e8dbc6c83b98a/5ab90fd3f9eb2f04df98b811_Robotroc_Box_3D.jpg',390,10,7,'在拼裝機器人世界裡，瘋狂科學家日以繼夜地使用回收材料來設計最具威力的機器人。來！成為瘋狂科學家，創造出最棒的¬機器人！\r','0000-00-00 00:00:00','0000-00-00 00:00:00'),(210,'泛亞天鵝數字牌 經典版','https://uploads-ssl.webflow.com/575714cc825e8dbc6c83b98a/5fd9b033ff00fc1c7f06510d_ROMME_SWAN_BOX_3D.jpg',750,10,7,'天天鵝一家人首次來到肥沃的蘭陽平原拜訪大姑媽，發現這裡不只蔬菜水果香脆可口，連土壤裡的蟲蟲都個個肥滋滋。飽餐之餘，天天鵝多麼希望永遠都能過著這種天堂般的生活，白日夢還盤旋在腦中，大姑媽就看出了他的心思，便說：「我們來做個小比賽，如果你可以先將手上的蟲蟲，在院子裡排成一隊一隊，就可以搬來這裏住！蟲蟲有四種顏色，長度從1到13，每隊至少要有3條蟲，顏色一樣的蟲排成一隊就要長短不同並且是連號，長度一樣的蟲排在一起就要每條蟲的顏色不同。」到底天天鵝能否贏過大姑媽，並移居蟲肥果香的蘭陽天堂呢？\r','0000-00-00 00:00:00','0000-00-00 00:00:00'),(211,'幻化魔石','https://uploads-ssl.webflow.com/575714cc825e8dbc6c83b98a/5be54b10555d73adf5ee85e4_Rox_Box.jpg',490,10,7,'祭司們正在為盛大的競賽做準備。競賽的目的是重新恢復土、水、火、空氣和魔法力量的流動秩序。能否以最快速重整元素的秩序，並成功通過魔法眼的測試，就能勝出慶典競賽。‍一款圖形觀察眼明手快的卡牌遊戲。\r','0000-00-00 00:00:00','0000-00-00 00:00:00'),(212,'矮人礦坑','https://uploads-ssl.webflow.com/575714cc825e8dbc6c83b98a/5ab910cff9eb2f649698b942_Saboteur1_Box_3D_CN.jpg',590,10,7,'在遊戲中玩家們將會扮演矮人族。其中一種矮人是淘金矮人，他們開拓礦坑坑道向山脈深處尋找寶藏；另一種則是試著在淘金矮人的路上放置障礙的搗蛋鬼。雖然你只能猜測其他玩家的角色，兩組矮人還是要想辦法支援自己的同伴。如果淘金矮人成功地建造出通往寶藏的路徑，他們將得到金塊作為獎賞，而搗蛋鬼將一無所獲；不過萬一淘金矮人失敗了，則搗蛋鬼將會得到獎賞。每位玩家所扮演的角色，只有在分金塊的時候才會揭露。遊戲進行三回合後結束，金塊最多的玩家獲勝。這是個可以10人同樂的派對遊戲，規則簡單好上手，但過程變化多端，可以趁機耍耍心機喔！\r','0000-00-00 00:00:00','0000-00-00 00:00:00'),(213,'傳說的碎片','https://uploads-ssl.webflow.com/575714cc825e8dbc6c83b98a/5ab91102f9eb2f22e498b960_Saga_Box_3D.jpg',590,10,7,'那是個魔法尚未盛行的時代。那是個精靈與龍仍未相遇的世界。\r','0000-00-00 00:00:00','0000-00-00 00:00:00'),(214,'聖彼得堡','https://uploads-ssl.webflow.com/575714cc825e8dbc6c83b98a/5ab9110bfc0a9204a2adcf8a_SAINT%20PETERSBURG_Box_3D.jpg',1650,10,7,'1703年，彼得大帝在俄國建造了聖彼得堡，並迅速贏得了「東方巴黎」的美譽，而冬宮、基督復活大教堂至今仍深深震憾所有遊客的心，但聖彼得堡只是彼得大帝的眾多偉業之一，他是統一俄國並帶領俄國從中古世紀進入近代的君王。\r','0000-00-00 00:00:00','0000-00-00 00:00:00'),(215,'武士刀','https://uploads-ssl.webflow.com/575714cc825e8dbc6c83b98a/5ab91117326fa9263aea2a7d_Samurai%20Sword_Box_3D.jpg',690,10,7,'在日升之國，忠誠的武士不惜犠牲自己的性命保護將軍與家園，狡猾的忍者卻不擇手段地想要毀滅這個國家，武士刀在戰場上閃耀著懾人的寒光，就像浪人在掙扎中求生，只為了復仇的一擊。你可以在找出敵人的同時捍衛武士的榮譽嗎？ \r','0000-00-00 00:00:00','0000-00-00 00:00:00'),(216,'聖胡安','https://uploads-ssl.webflow.com/575714cc825e8dbc6c83b98a/5ab91123fc0a92e316adcfa1_SanJuan_Box_3D.jpg',990,10,7,'依深度策略遊戲波多黎各研發的紙牌遊戲，硬蕊玩家必備的隨身良品！在你的協助下，波多黎各的黃金時代回來了！玩家精心設計開發這座美麗島嶼的首都，你要選擇什麼職業？你要建造什麼建築物？皇宮或大教堂？煉銀廠或金礦？圖書館或銀行？每種建築物都有它的特殊功能。只有精心佈局的玩家最終能贏得遊戲勝利！一款有各種不同策略選擇，不凡且久玩不膩的紙牌遊戲！包括「新建築」擴充集和一棟全新的加分建築物。\r','0000-00-00 00:00:00','0000-00-00 00:00:00'),(217,'成敗','https://uploads-ssl.webflow.com/575714cc825e8dbc6c83b98a/5ab9113d326fa96620ea2a8f_Saybye_Box_3D.jpg',590,10,7,'眼前這世道可謂「民不聊生」啊！貪官污吏、無良商賈四處為非作歹，政府上級因收受賄賂而徇私包庇，無視種種惡行惡狀。在律法崩壞的時刻，百姓萬念俱灰之際，一群俠客挺身而出，立志在黑夜中為這群無恥惡徒送終。俠客必須盡速探查這些壞人的底細，並且不斷地精進各項技藝。現在，這如鬼島般的村莊再次面臨危機，俠客們能順利將邪惡勢力逐出村莊，為百姓重燃希望之光嗎？抑或邪惡的一方會得逞，而黑暗吞沒整個村莊？\r','0000-00-00 00:00:00','0000-00-00 00:00:00'),(218,'龍的寶物','https://uploads-ssl.webflow.com/575714cc825e8dbc6c83b98a/5c1cac6f77d1f608ae0ee2dc_Schatz-der-Drachen_BOX_3D.jpg',690,10,7,'小龍把寶箱、鑽戒、燭台以及很多玩具藏在地窖中。\r','0000-00-00 00:00:00','0000-00-00 00:00:00'),(219,'SET','https://uploads-ssl.webflow.com/575714cc825e8dbc6c83b98a/5ab9124ff9eb2f863598ba16_SET_Box_3D.jpg',490,10,7,'SET總共有81張完全不同的牌，沒有重複。\r','0000-00-00 00:00:00','0000-00-00 00:00:00'),(220,'暗影奇襲','https://uploads-ssl.webflow.com/575714cc825e8dbc6c83b98a/5fd9edbd506d5a509b06019d_ShadowRider_Box.jpg',830,10,7,'邪魔與正念對決之陣營遊戲19世紀末，極度繁榮的「霧之都」，成為世界的中心，快速的發展，帶來無窮的財富，也拉大了貧富的差距，造成治安的惡化，邪氣和怨念更是與日俱增。《暗影奇襲》便是以這個光榮與邪惡並存的「霧之都」作為舞台的「生存系陣營遊戲」，描寫了從黑暗中誕生的邪惡存在「暗影」、討伐暗影的國家秘密機關「獵人」，以及休戚與共的霧之都「市民」間的戰鬥。遊戲開始時，沒有人知道你的真實身分，使用特殊能力以及紙牌效果在地區間移動，盡速找到與你相同陣營的伙伴，打倒對手，共享勝利！\r','0000-00-00 00:00:00','0000-00-00 00:00:00'),(221,'福爾摩斯鷹眼','https://uploads-ssl.webflow.com/575714cc825e8dbc6c83b98a/5ab9129f987c86789853ef10_Sherlock_Box_3D.jpg',690,10,7,'他是警界的傳奇，沒有任何事情可以逃過他的「鷹眼」，大家都他叫「福爾摩斯鷹眼」，是位完美無瑕的名偵探，你能取代他的地位嗎？\r','0000-00-00 00:00:00','0000-00-00 00:00:00'),(222,'七','https://uploads-ssl.webflow.com/575714cc825e8dbc6c83b98a/5fc49063ddd23f0fb8c4395d_7_BOX_3D_EN.jpg',290,10,7,'這款遊戲有7 條規則，需要2到7位7歲以上的玩家，遊戲時間有時候是7分鐘…… 只有7能讓你獲得解脫！打出帶有洞洞的牌，讓棄牌堆頂的數字加總為7，便能減少手牌數量，最先將手牌出完的人將獲得高分，總分最高的玩家將贏得勝利！\r','0000-00-00 00:00:00','0000-00-00 00:00:00'),(223,'人魚的呼喚','https://uploads-ssl.webflow.com/575714cc825e8dbc6c83b98a/5ab912eaf9eb2f119198badb_Sirens%20in%20Sight_Box_3D.jpg',490,10,7,'一艘船扔下了錨，停泊在海灣上，拉開了一場新戲的序幕。船上的水手們看來都有危險了，因為身為人魚的玩家們約好，迷倒最多水手並讓船瓦解的一方，將獲得勝利。\r','0000-00-00 00:00:00','0000-00-00 00:00:00'),(224,'天際線','https://uploads-ssl.webflow.com/575714cc825e8dbc6c83b98a/5ab912f9a14f10da30a56d41_Skyliners_Box_3D.jpg',1320,10,7,'在本遊戲中，你妥善規劃都市來贏得勝利。\r','0000-00-00 00:00:00','0000-00-00 00:00:00'),(225,'蝸牛向前衝','https://uploads-ssl.webflow.com/575714cc825e8dbc6c83b98a/5e0207d39802eda779b99517_SnailSprint_Box_3D.jpg',990,10,7,'預備……開始！滑溜溜的蝸牛在梅爾太太的菜園中賽跑。抽一張牌決定哪些蝸牛能讓你得分，別讓對手知道！投擲彩色符號骰，移動對應的蝸牛到指定的位置。賽程中，蝸牛爬到彼此的背上，透過磁力翻越遊戲盒，衝向終點的三座領獎台，得分最高的玩家獲勝。一款擲骰並移動磁力蝸牛的競速遊戲。\r','0000-00-00 00:00:00','0000-00-00 00:00:00'),(226,'SOLO','https://uploads-ssl.webflow.com/575714cc825e8dbc6c83b98a/5ab91305c6b5aa4a47112a62_Solo_Box_3D.jpg',250,10,7,'每一位玩家手上總共有8張牌，誰最快把手中的牌出完就是贏家，但是要小心！還有一些特殊的行動牌可以讓整個局勢大逆轉。\r','0000-00-00 00:00:00','0000-00-00 00:00:00'),(227,'打光94狂','https://uploads-ssl.webflow.com/575714cc825e8dbc6c83b98a/5c7396c06e5e680a66edb8d2_SpeedBeating_Box_CH.jpg',690,10,7,'這一天，倉木村和平常一樣回到家，卻被一道光K到，瞬間暈了過去。從此以後，他變得非常注意自己和他人身上的特徵：長髮或短髮、有沒有戴眼鏡或耳環、臉上是否有痣或鬍子⋯⋯還會出現敲打別人的頭或閃躲他人拍打的反射動作。每回合翻開的牌上會出現兩項特徵，你符合紅色的特徵嗎？儘快搶奪槌子進行攻擊！還是符合藍色特徵？就要拿取平底鍋來防禦！如符合紅色特徵的玩家成功敲打符合藍色特徵的玩家，便能獲得1分，率先獲得5分的玩家獲勝。\r','0000-00-00 00:00:00','0000-00-00 00:00:00'),(228,'著色快手','https://uploads-ssl.webflow.com/575714cc825e8dbc6c83b98a/5ab91312c6b5aa757c112a6f_Speed%20colors_Box_3D_SEAL.jpg',690,10,7,'準備好為圖案上色讓它重生嗎？你得加快速度！記住：你必須複製紙牌另一面的顏色！越快越正確，讓你得分越高。每回合結束時，彩色筆的筆蓋會被交換，試著跟上這些變化吧！著色快手是一款輕鬆又快節奏的遊戲，證明著色對每個人來說都充滿樂趣！\r','0000-00-00 00:00:00','0000-00-00 00:00:00'),(229,'快手疊杯','https://uploads-ssl.webflow.com/575714cc825e8dbc6c83b98a/5ab9131f326fa9770dea2daf_Speed_Cups_Box_3D_CN.jpg',690,10,7,'在「快手疊杯」裡，每個人用五個不同顏色的杯子，試著比別人更快完成任務。每張題卡會以各種有趣的方式，提示你要將五個杯子以什麼順序疊起來或排成一列：可能是樹上的五隻鳥，或是牆上掛的五件外套。趕快看懂提示，速速排好，馬上按鈴！只有真正的疊杯高手，才能在「快手疊杯」中獲勝！\r','0000-00-00 00:00:00','0000-00-00 00:00:00'),(230,'快手疊杯2','https://uploads-ssl.webflow.com/575714cc825e8dbc6c83b98a/5ab91336326fa97477ea2dbf_Speed%20Cups%20Expansion_Box_3D.jpg',350,10,7,'每名玩家使用五個不同顏色的杯子，試著比對手更快完成題卡上的任務，矯健的身手和敏銳的眼力將助你一臂之力。每張題卡會以各種有趣的方式，指示你該如何排列五個杯子：外空人站在火箭的裡面還是前面？哪些行李箱放在綠色車頂呢？當你將杯子依正確的順序排列好，迅速抓取題卡。遊戲結束時，拿到最多題卡的玩家獲勝。可作為《快手疊杯》的擴充，讓6人同樂，亦可單獨進行雙人遊戲。\r','0000-00-00 00:00:00','0000-00-00 00:00:00'),(231,'二手拍賣王','https://uploads-ssl.webflow.com/575714cc825e8dbc6c83b98a/5bcdd59cd44cf4b48f71afdb_SpeedyPicker_Box_CH.jpg',890,10,7,'歡迎加入二手拍賣王的行列！進入雜亂的地方，尋找隱藏的物品及遺失的寶藏。遊戲中，你必須搶先在對手之前，從房舍找到能讓你獲利的物品。注意！對手可能會關上燈，或讓所有物品上下倒置，讓他可以捷足先登！記住，迅速挖寶，正確拍賣，光榮獲勝！\r','0000-00-00 00:00:00','0000-00-00 00:00:00'),(232,'倉庫城','https://uploads-ssl.webflow.com/575714cc825e8dbc6c83b98a/5ab9135d326fa9a75cea2ddd_SpSt_Box_3D_CH.jpg',1320,10,7,'在1900年代，漢堡市是世界的門戶，港口的中心有一棟特別且複雜的倉儲大樓，稱為『倉庫城』。你是一名住在漢堡的貿易公司老闆，生長在倉庫城最繁華的時代，從貨輪上購買貨物並提供給客戶以完成合約，賺取白花花的銀子。記得雇用消防員來保護你的貨物和辦公大樓，以免在不時發生的火災中蒙受損失。一年中生意最好的玩家將贏得勝利。倉庫城運用超級簡約卻極度原創的精神所開發，絕對令您印象深刻！精美的配件，尤其是漢薩同盟時代風格的錢幣，為遊戲增色外，此版本中亦包含倉儲大樓擴充，讓遊戲的樂趣更加深廣。\r','0000-00-00 00:00:00','0000-00-00 00:00:00'),(233,'貓吃3辣','https://uploads-ssl.webflow.com/575714cc825e8dbc6c83b98a/5efc22cc016def5d249d55c3_Spicy_CN_Box_3D.jpg',490,10,7,'從前從前，三隻巨大的妖貓為了爭奪妖王的地位鬥得昏天暗地、精疲力盡，始終難分高下，最後牠們決定用自己的9條命來比賽看誰吃辣的能耐最高強！但是，經過幾輪的眼冒金星，涕淚齊下後，牠們竟然開始作弊，創造了一款熱鬧非凡、瞞天過海的吹牛遊戲。\r','0000-00-00 00:00:00','0000-00-00 00:00:00'),(234,'蜘蛛三兄妹','https://uploads-ssl.webflow.com/575714cc825e8dbc6c83b98a/5ab9136cfc0a926edaadd0ff_Spinderella_Box_3D_CN.jpg',1490,10,7,'蜘蛛三兄妹，勝過一個諸葛亮！蜘蛛兄妹們玩著他們最愛的遊戲：在樹上的哥哥們把妹妹垂降到地上抓螞蟻，地上的螞蟻紛紛抱頭鼠竄，一團混亂！瞄準、出擊！閃避、奔逃！你能在正確的時間抵達正確的地點嗎？『蜘蛛三兄妹』是款訓練手眼協調與空間概念的遊戲，一定會讓你愛上可愛的小蜘蛛們！神奇的蜘蛛森林雙層結構搭配升降蜘蛛系統！\r','0000-00-00 00:00:00','0000-00-00 00:00:00'),(235,'石器時代','https://uploads-ssl.webflow.com/575714cc825e8dbc6c83b98a/5ab913bd326fa98ea2ea2e18_Stone_Age_Box_3D_2013.jpg',1650,10,7,'在浩瀚的人類歷史當中，在不同的時期，人們面臨著不同的挑戰。在石器時代，農業誕生了﹔人類開始採集更多的自然資源，並且出現簡單的房舍。人與人間漸漸有了交易行為，文明也逐漸萌發、擴展。人口的成長，也導致了對高效率狩獵的強烈需求。玩家在遊戲中，要試圖去達成所有的挑戰。有許多種策略可以完成這些挑戰，因此每個玩家可以選擇自己擅長的策略，走上不同的路。找出你自己的策略模式，並看看它是不是能帶你走向勝利的最佳策略﹗\r','0000-00-00 00:00:00','0000-00-00 00:00:00'),(236,'石器時代10週年紀念版','https://uploads-ssl.webflow.com/575714cc825e8dbc6c83b98a/5c1ca2876dd78959f2094302_StoneAgeAnni_Box.jpg',1650,10,7,'在這款限量版中，包含冬季與夏季兩個版本，讓您在兩個季節都能享受激動人心的旅程！在浩瀚的人類歷史當中，人們面臨著不同的挑戰。在石器時代，農業誕生了，人類開始採集更多的自然資源，並且出現簡單的房舍。人與人間漸漸有了交易行為，文明也逐漸萌發、擴展。人口的成長，也導致了對高效率狩獵和高產植物的強烈需求。遊戲中，有許多種策略可以完成所有的挑戰，每位玩家選擇自己擅長的方式，找出你自己的策略模式，帶你走向勝利的道路﹗內含兩個迷你擴充：冰屋和野生動物\r','0000-00-00 00:00:00','0000-00-00 00:00:00'),(237,'石器時代兒童版','https://uploads-ssl.webflow.com/575714cc825e8dbc6c83b98a/5ab913ca987c86e5dd53efd8_StoneAgeJR_Box.jpg',1160,10,7,'回到石器時代，當時人們的生活方式和現在截然不同。跟著我，透過兩個石器時代的孩子──佑佑和瑤瑤的眼睛來體驗他們的生活。\r','0000-00-00 00:00:00','0000-00-00 00:00:00'),(238,'推翻蘇丹','https://uploads-ssl.webflow.com/575714cc825e8dbc6c83b98a/5d94c6c3509c8e005ea888af_Sultans%20of%20Karaya_Box_3D_EN.jpg',290,10,7,'在喀啦羊群島上，蘇丹過得太爽了，而奴隸們苦不堪言。革命軍登高一呼：「推翻蘇丹！」，刺客們積極地行刺蘇丹，而奴隸們試圖團結起來發動革命，就是要推翻王權；保皇黨（蘇丹和守衛）則試圖消滅刺客和自由的奴隸以阻止革命；而其他人（大官、肚皮舞孃、奴隸販子、占卜師）則是騎牆派，隨時準備倒向即將獲勝的一方，順便從中大撈一筆。聰明地蒐集資訊，並巧妙使用你的角色能力，方能征服這同盟關係瞬息萬變的遊戲！\r','0000-00-00 00:00:00','0000-00-00 00:00:00'),(239,'馭風之王','https://uploads-ssl.webflow.com/575714cc825e8dbc6c83b98a/5cb69956846f23979380db71_Sultans_Box.jpg',1160,10,7,'在飛毯王國中，四支隊伍正準備參加一年一度由蘇丹親自舉辦的「馭風之王」競速大賽，玩家們要引導自己的團隊穿過雲層，這些雲朵由蘇丹的燈神所操控，不但如迷宮般複雜而且變幻不停！如果技術夠好，抓住在雲層中飛翔的燈神，便可以獲得一個願望！最先引導自己的飛毯平安穿過雲層，降落在圖板對面宮殿的玩家獲得遊戲勝利。運用你的智慧超越對手成為馭風之王！\r','0000-00-00 00:00:00','0000-00-00 00:00:00'),(240,'瘋狂數字環','https://uploads-ssl.webflow.com/575714cc825e8dbc6c83b98a/5ab913eff9eb2f82e598bb80_Super%20Circles_Box_3D.jpg',390,10,7,'最激烈的配對競賽！\r','0000-00-00 00:00:00','0000-00-00 00:00:00'),(241,'小吃大胃王','https://uploads-ssl.webflow.com/575714cc825e8dbc6c83b98a/6057f6d92e8de80ba643c0ca_Taiwan%20Snackbar_Box_2021.jpg',390,10,7,'面對美味的烤魷魚、蚵仔煎、肉粽、香雞排、棺材板以及割包，除了要能吃不停，還要忙著幫其他的參賽者點菜、加點、換菜，尤其在你不想吃或者吃不下時，而侍者又捧著無盡的食物來到你桌前，就必須靠巧妙地出牌，將美食推向其他參賽者！‍加油！當其他參賽者陸續吃不下時，冠軍寶座就離你越來越近了！\r','0000-00-00 00:00:00','0000-00-00 00:00:00'),(242,'御竹園','https://uploads-ssl.webflow.com/575714cc825e8dbc6c83b98a/5ab91470326fa9162bea2e81_TAKENOKO_box_3D_2015.jpg',1490,10,7,'在古老的東亞大陸上，經歷長期的紛爭之後，中日關係終於趨於好轉。為慶賀雙方的友好關係，中國皇帝送給日本天皇一隻神聖的動物作為禮物：大貓熊──象徵和平的使者。日本天皇將照料大貓熊的任務交給他的宮廷侍者（各位玩家），並特別建造了皇家御竹園來照料這隻大貓熊。但貪吃的大貓熊使這項任務變得十分艱巨⋯⋯誰能有效利用土地並栽培出最優良的竹子，以及將這隻頑皮的貓熊餵養得肥肥胖胖，該玩家便是天皇最稱職僕臣。\r','0000-00-00 00:00:00','0000-00-00 00:00:00'),(243,'三人成築 洋紅版','https://uploads-ssl.webflow.com/575714cc825e8dbc6c83b98a/5dcbae45df67ee1fc1f13c4d_TEAM3_Pink_Box_3D_ill.jpg',690,10,7,'所有玩家通力合作，在時間限制內完成指定數量的建築，每輪由三名玩家參與搭建，這三名玩家各扮演一個角色：建築師：看藍圖牌，但不能說話，只能比手畫腳來傳達藍圖牌的指示。監工：根據建築師的比劃，將藍圖以言語傳達給建築工。建築工：緊閉雙眼，依靠聽覺和觸覺完成搭建。你們是否能默契十足地完成挑戰呢？到底是「神隊友」還是「豬隊友」？分曉立見！《三人成築》有兩個版本：薄荷版及洋紅版兩版包含不同的藍圖牌及迷你擴充：「一心二用」或「二維風暴」兩套一起玩，樂趣多更多！\r','0000-00-00 00:00:00','0000-00-00 00:00:00'),(244,'神秘大地：帆船與商隊擴充','https://uploads-ssl.webflow.com/575714cc825e8dbc6c83b98a/5d3fc5c9a2938f09d8aff725_TM_Merchants_Box.jpg',1320,10,7,'神祕大地上的各個種族張開雙臂，迎接全新的商業型態，彼此透過在河流上往來的帆船，進行繁忙的交易。嶄新的大型建築—船塢，搭配10張雙面船塢版圖，提供更多的獎勵和特殊行動。本擴充包含全新的湖泊和峽灣兩款地圖，新增的特權片與回合加分片，讓遊戲有豐富的變化與體驗。本擴充中包含火山與冰原擴充相關的配件，可自行選擇是否搭配火山與冰原擴充進行遊戲。\r','0000-00-00 00:00:00','0000-00-00 00:00:00'),(245,'假不喵','https://uploads-ssl.webflow.com/575714cc825e8dbc6c83b98a/5c1cb7c3edf0ccfe7836ff05_TheCat_Box.jpg',290,10,7,'喵咪至少有13種不同的表情，讓人類乖乖地屈服在牠們的魔力之下。每名玩家獲得數疊包含4張紙牌的牌疊，當你讓自己每疊牌中包含4張表情相同的貓咪時，立刻「喵！」一聲。遊戲結束時，得分最高的玩家獲勝，可以抱抱喵咪。\r','0000-00-00 00:00:00','0000-00-00 00:00:00'),(246,'星際探險隊','https://uploads-ssl.webflow.com/575714cc825e8dbc6c83b98a/5f365f399bbed6fdee55cc23_TheCrew_Box.jpg',490,10,7,'誠徵太空人！科學家推測在太陽系邊緣有一顆神秘的第九號行星，但至今為止，不論他們付出了多少努力，仍無法提出它存在的實質證據。快加入這趟刺激的太空冒險，去拆穿這個推論只是另一個科幻故事，或者你可以找到第九顆行星。在這款合作型的吃墩紙牌遊戲中，你們需要完成50項不同的任務，只有靠著團隊合作，你們才有可能成功。要掌握這些工作並完成任務，彼此的溝通至關重要——但在太空中，很多事比你們預期的更加困難……\r','0000-00-00 00:00:00','0000-00-00 00:00:00'),(247,'這款桌遊','https://uploads-ssl.webflow.com/575714cc825e8dbc6c83b98a/5c1d15819b90137d5ffc0b8a_The%20Game_BOX_3D.jpg',390,10,7,'盡其所能，玩久一點！\r','0000-00-00 00:00:00','0000-00-00 00:00:00'),(248,'遺跡刮刮樂','https://uploads-ssl.webflow.com/575714cc825e8dbc6c83b98a/5be54cc8ba8c6d768804a9a6_TheHearmees_Box.jpg',1160,10,7,'各位小精靈建築師！一起來擴建細小的遺跡都市吧！於是建築隊長看了看圖則，便舉起手發出「刮⋯⋯刮⋯⋯」的聲音⋯⋯所有其他玩家必須仔細聆聽並猜測到底他想表達什麼。是一把錘子還是一個時鐘？只要玩家找出合適的圖案，他就可以建設一棟建築物以完成他負責的區域。你可以成為一個充滿想像力及擁有良好的接收能力的建築師嗎？遺跡刮刮樂為了適合不同年齡的家庭設有2個不同難度！\r','0000-00-00 00:00:00','0000-00-00 00:00:00'),(249,'靈光同線','https://uploads-ssl.webflow.com/575714cc825e8dbc6c83b98a/5fae024179b8534a7c5d7179_The%20Mind_Box_3D_2019.jpg',390,10,7,'靈光同線規則非常簡單，但卻極度需要團隊合作，在不透露手牌的訊息，不分享資訊的情況下，所有玩家必須將手牌依數字大小遞增打出。\r','0000-00-00 00:00:00','0000-00-00 00:00:00'),(250,'白賊七','https://uploads-ssl.webflow.com/575714cc825e8dbc6c83b98a/5dfbae749d83a34e470f0c05_TheNasty7_Box.jpg',390,10,7,'馬有失蹄，人有失言⋯⋯七名騙徒在俱樂部的密室裡玩牌，他們賊頭賊腦地算計著、咕噥著，不時拿著手機低語，掏出手槍卻又不動聲色。到底現在數到哪個數字？該喊出來還是在心裡默數？或者發出「嗯～」來掩飾自己的分心？花樣百出的騙徒們，究竟誰能保持清晰的思路而獲勝呢？\r','0000-00-00 00:00:00','0000-00-00 00:00:00'),(251,'採珠人','https://uploads-ssl.webflow.com/575714cc825e8dbc6c83b98a/5caddaeed85bd51e443191b8_ThePearlFishers_Box_CH.jpg',390,10,7,'你潛入深藍的海中，尋找閃亮的珍珠，由於需要不停換氣，必須不時浮出水面，並賣掉尋獲的寶物。當你收集到足夠數量的珍珠時，便可串成項鍊，提升價值。遊戲結束時，總分最高的玩家獲勝。\r','0000-00-00 00:00:00','0000-00-00 00:00:00'),(252,'郎中闖江湖','https://uploads-ssl.webflow.com/575714cc825e8dbc6c83b98a/5d563d5000f015ff8a5180ae_Quacksalber_Box.jpg',1490,10,7,'歡迎來到奎德林堡，全國醫術最好的醫生及騙吃騙喝的江湖郎中，都在此為期9天的嘉年華會中大展身手，調製獨門特效藥，解決腳臭、思鄉病、打嗝或是愛情問題。每名醫生都掌握自己的不傳祕方，希望能藉此成為萬古流芳的奇蹟名醫！郎中闖江湖是一款需要得寸進尺的策略型遊戲，每名玩家從花草香四溢的錦囊中抽取藥材，直到覺得自己的秘藥已經調製完成。但要小心：有些特別的藥材放得太多會讓藥水炸得你臉上開花！你是要自願停止，增加之後調出更好藥水的機率？或是為了獲得更多的金幣和名聲，冒著失敗的風險放手一搏？你得找出風險與報酬之間的平衡點，才能名利雙收。\r','0000-00-00 00:00:00','0000-00-00 00:00:00'),(253,'搖滾巫奇','https://uploads-ssl.webflow.com/575714cc825e8dbc6c83b98a/5c1cabd3edf0cc6e0a36ebf1_The-Rolling-Witch_BOX_3D.jpg',1250,10,7,'咻！丟三落四的女巫如閃電般地在魔法黑森林中穿梭，她總是忘東忘西，無論是魔法書、大釜或是掃帚！好在有小精靈，他們非常樂意幫她尋找寶物……和女巫一起滾動，尋找她丟失的魔法寶物。如果你夠靈巧並能和其他玩家巧妙合作，便能在這款快速滾動的遊戲中，找到最多的魔法寶物，獲得最多女巫的獎賞。\r','0000-00-00 00:00:00','0000-00-00 00:00:00'),(254,'地主','https://uploads-ssl.webflow.com/575714cc825e8dbc6c83b98a/5e795640dd63e9ba3c9aa71d_Tichu_2020_Box.jpg',290,10,7,'雖然機乎每天都有6億左右的中國人進行這個遊戲，但對歐洲人來說《地主》還是太過困難，你必須盡快出完自己的手牌。地主是款非常棒的四人團隊遊戲。\r','0000-00-00 00:00:00','0000-00-00 00:00:00'),(255,'伐木達人','https://uploads-ssl.webflow.com/575714cc825e8dbc6c83b98a/5c98688b4476fb05f0f39bdf_Toc%20Toc%20Woodman_Box_3D_CN.jpg',750,10,7,'用斧頭小心地敲擊樹塔，並收集掉落的樹皮來得分，如果不慎讓樹心也掉下來，就要扣分囉！遊戲結束時，得分最高的玩家獲勝！\r','0000-00-00 00:00:00','0000-00-00 00:00:00'),(256,'豆腐王國','https://uploads-ssl.webflow.com/575714cc825e8dbc6c83b98a/5ab9182df9eb2f636f98c2ee_Tofu%20Kingdom_Box_3D.jpg',390,10,7,'這是一場精采的推理遊戲。\r','0000-00-00 00:00:00','0000-00-00 00:00:00'),(257,'東海道','https://uploads-ssl.webflow.com/575714cc825e8dbc6c83b98a/5ab91847f9eb2f6f4e98c415_Tokaido_Box_3D.jpg',1250,10,7,'各位旅客，我們出發啦！歡迎大家來到名聞遐邇、貫通京都至江戶的東海道！您將會踏上一個非凡的旅程，經歷千百樣新奇有趣的事物！大自然當前，切勿錯過觀賞的好機會。讓巍峨的山巒、寧靜的海濱和遼闊的稻田，為你的回憶掃上色彩！沿途還充滿著舒暢身心的樂事。除了靜心凝神的溫泉，你也可品嚐數之不盡的珍饈百味，給味蕾帶來驚喜！如你喜歡在旅程中廣結良朋，謹記預留行李空間，因你會收到各種大大小小的特產作為紀念！你甚至可能碰上驚喜的偶遇，因而改變行程。\r','0000-00-00 00:00:00','0000-00-00 00:00:00'),(258,'英雄總是最後一個到','https://uploads-ssl.webflow.com/575714cc825e8dbc6c83b98a/5f06c26cebf85711beba6ffa_TopHero_Box.jpg',490,10,7,'各路好漢齊聚，大家施展看家本領、互相較勁、爭取英雄寶座！究竟是巫師的偷天換日比較厲害，還是騎士的積極攻擊比較實際？巡林者的偵查行動，能破解刺客的陰狠計劃嗎？ 有道是：長江後浪推前浪，前浪死在沙灘上。真正的英雄，通常不是來得早的傢伙，因為，歷史都是「後人」寫的……\r','0000-00-00 00:00:00','0000-00-00 00:00:00'),(259,'塔','https://uploads-ssl.webflow.com/575714cc825e8dbc6c83b98a/5ab9189d326fa95011ea3510_Torres_Box_3D.jpg',1250,10,7,'建城堡、爭王位，瘋狂總動員！ 老國王要在退位前從自己的孩子中找到最佳的繼位者，於是舉辦了一場比賽：誰能在三年內建造最高聳雄偉的城堡，即能成為下一任國王。每年年底，老國王會為兒子們的工程進度評分， 並在第三年結束時宣布他的決定。玩家們將化身為爭取寶座的王子，各派出六名騎士建造城堡， 來證明自己是父親最合適的接班人！ \r','0000-00-00 00:00:00','0000-00-00 00:00:00'),(260,'特魯瓦','https://uploads-ssl.webflow.com/575714cc825e8dbc6c83b98a/5ab918b6987c86fc9653f947_TROYES_BOX_3D.jpg',1980,10,7,'西元1200年 特鲁瓦大教堂動工， 但是直到400年後才會完工，其間發生了數不清的故事。在這款遊戲中， 你將會融入到這段長達四個世紀的歷史裡， 參與到這座中世紀最棒的城市之一的建設之中， 你將會見證西方文化史上濃墨重彩的一筆。那時的社會由三種階層組成： 貴族、神職、農民。貴族構成了軍事力量，執行司法以及保衛土地。神職人員則掌管精神家園，負責維護和發展知識文化。農民和工匠則幾乎不被重視，儘管他們的辛勤勞作在整個社會的日常運作中起著重要的作用。\r','0000-00-00 00:00:00','0000-00-00 00:00:00'),(261,'龜殻大風吹','https://uploads-ssl.webflow.com/575714cc825e8dbc6c83b98a/5def365e065022585a08021e_Turtle%20Switch_BOX_3D.jpg',390,10,7,'海龜發現可以和其他海龜交換不同顏色的龜殼後，瘋狂愛上換裝，彼此不斷交換龜殻穿戴：綠龜穿上紅殻，黃龜換上綠殻，紅龜就沒得選，只能穿上黃殻啦！在寂靜的海底，龜殼大風吹越玩越熱鬧！當你翻開圖卡上的海龜顏色與桌上某隻海龜一模一樣時，便獲得這張圖卡，然後，海龜再次大風吹，遊戲結束時，擁有最多圖卡的玩家獲勝。\r','0000-00-00 00:00:00','0000-00-00 00:00:00'),(262,'烏邦果','https://uploads-ssl.webflow.com/575714cc825e8dbc6c83b98a/5e538b982c16e8b27f17cee5_Ubongo_Box_CH.jpg',1320,10,7,'快速！簡單！迷人！烏邦果是一款節奏明快、讓人上癮的簡單幾何拼放遊戲，玩家必須和時間賽跑並和對手競爭，完成環環相扣的板塊拼放。\r','0000-00-00 00:00:00','0000-00-00 00:00:00'),(263,'烏邦果3D家庭版','https://uploads-ssl.webflow.com/575714cc825e8dbc6c83b98a/5ebccb5870fd037c9f328757_Ubongo_3D_Family_Box.jpg',1320,10,7,'快速！簡單！迷人！烏邦果為全家帶來3D新挑戰！ 每位玩家拿取8個一組的幾何積木，享受特殊的解密樂趣；任務版分為4個難度等級，讓年齡、程度不同的玩家可以使用不同的難度，進行一場激烈的比賽。將指定的幾何積木立著？躺著？疊放在其他積木上？目的是要填滿任務板的空格，別忘了還有第二層也要同時填滿 ⋯⋯‍烏邦果3D家庭版是一款節奏明快、讓人上癮的立體拼放遊戲，玩家必須和時間賽跑並和對手競爭，完成環環相扣的積木堆疊。越快完成就能得到越多寶石，九回合後，寶石價值最高的玩家獲勝！\r','0000-00-00 00:00:00','0000-00-00 00:00:00'),(264,'烏姆城','https://uploads-ssl.webflow.com/575714cc825e8dbc6c83b98a/5ab918f6c6b5aa3aeb1132f8_Ulm_Box_3D.jpg',1650,10,7,'全盛時期的烏姆城儘管大教堂尚未完工，但在公會與貴族的影響下，烏姆城的政經局勢如日中天，市民聚集在各個城區，熱絡地進行各項工商活動。\r','0000-00-00 00:00:00','0000-00-00 00:00:00'),(265,'終極戰士','https://uploads-ssl.webflow.com/575714cc825e8dbc6c83b98a/5ab91903f9eb2f1a8e98c480_Ultimate%20Warriorz_Box_3D.jpg',1160,10,7,'一場史詩級的部落戰爭即刻打響！位於傳說中的世界島的盡頭，神聖競技場已經啟動，即將在此決一死戰的是來自各個種族的最強大戰士。無人能離開，也無人能投降，究竟誰才能戰到最後，成為終極戰士！\r','0000-00-00 00:00:00','0000-00-00 00:00:00'),(266,'命運重置・泣血男孩','https://uploads-ssl.webflow.com/575714cc825e8dbc6c83b98a/5e18137bba9f9e928eeb9faf_UNDO_BloodintheGutter_Box.jpg',390,10,7,'重新編織不幸事件的命運線你們是命運的編織者。你們可以暫停時間，並跳躍到各個特定的時間點，去到逝者生命中的某一刻，重編他的生命線，藉此改變他的死亡命運。你們可以改變這些事件並阻止他們死亡的發生嗎？這個任務將帶領你們前往20年代的芝加哥。\r','0000-00-00 00:00:00','0000-00-00 00:00:00'),(267,'命運重置・櫻花祭','https://uploads-ssl.webflow.com/575714cc825e8dbc6c83b98a/5e181421ba9f9e60faebae37_UNDO_CherryBlossomFestival_Box.jpg',390,10,7,'重新編織不幸事件的命運線你們是命運的編織者。你們可以暫停時間，並跳躍到各個特定的時間點，去到逝者生命中的某一刻，重編他的生命線，藉此改變他的死亡命運。你們可以改變這些事件並阻止他們死亡的發生嗎？這個任務將帶領你們前往當代的日本。\r','0000-00-00 00:00:00','0000-00-00 00:00:00'),(268,'命運重置・遠古詛咒','https://uploads-ssl.webflow.com/575714cc825e8dbc6c83b98a/5e18129e86ccdc367a08a364_UNDO_ACurseFromThePast_Box.jpg',390,10,7,'重新編織不幸事件的命運線你們是命運的編織者。你們可以暫停時間，並跳躍到各個特定的時間點，去到逝者生命中的某一刻，重編他的生命線，藉此改變他的死亡命運。你們可以改變這些事件並阻止他們死亡的發生嗎？\r','0000-00-00 00:00:00','0000-00-00 00:00:00'),(269,'命運重置・窮途末路 試玩版','https://uploads-ssl.webflow.com/575714cc825e8dbc6c83b98a/5f018562310d7dcef560254d_Undo_Drowned_Hopes_CH.jpg',0,10,7,'參加天鵝聚會，可現場獲得本試玩包，或由教練親自帶領體驗本遊戲！失去所愛的悲痛，除了哀傷和毀滅，別無所有。你們是命運的編織者。你們可以暫停時間，並跳躍到各個特定的時間點，去到逝者生命中的某一刻，改變決定，重編他的生命線，讓他跳脫死亡的命運。雖然你們只能改變時間軸上的某些片刻，希望你們的選擇有足夠的力量影響結局。在這種情況下，死者新的行為將會帶領他踏上一條更好的路途。命運重置｜窮途末路：遊戲規則命運重置｜窮途末路：遊戲進行範例\r','0000-00-00 00:00:00','0000-00-00 00:00:00'),(270,'非常嫌疑犯','https://uploads-ssl.webflow.com/575714cc825e8dbc6c83b98a/5ab91916c6b5aa5e3311330b_Unusual%20Suspects_Box_3D.jpg',690,10,7,'一名尚無嫌疑的罪犯、一組正在千頭萬緒中摸索的警探、一位只能用非常方式描述人物的目擊者，在『非常嫌疑犯』中，玩家們合作來識別一名罪犯，可是你們手中僅有的是目擊者對罪犯的一些生活方面的了解。警探們僅憑罪犯的個性、喜好和習慣能夠找出他來嗎？\r','0000-00-00 00:00:00','0000-00-00 00:00:00'),(271,'外星怪','https://uploads-ssl.webflow.com/575714cc825e8dbc6c83b98a/5ab91926a14f104bb9a5708e_VacaLoca_Box_3D_SEAL.jpg',830,10,7,'樂極生悲──在銀河系瘋狂開趴後，外星怪發現自己的身體肢解四散在外太空！只要一名生物的頭、身、腳同時出現，玩家就得用星際速度拯救這些外星朋友。「外星怪」是一款考驗超快反應的遊戲，激發你超乎地球常理的腎上腺素！\r','0000-00-00 00:00:00','0000-00-00 00:00:00'),(272,'村莊','https://uploads-ssl.webflow.com/575714cc825e8dbc6c83b98a/5ab91960326fa9c02aea36ca_village_Box_3D.jpg',1650,10,7,'在這村莊裡的生活相當艱苦，不過，每個人都有不少可選擇的發展路線。有些人任職於村議會，有些獻身於教會，有些人踏上旅途增廣見聞⋯⋯每位玩家控制一個家族，並想辦法讓這個家族名留青史。但別忘了：時間無法停止，家族成員終將過世。那些在生命中曾發光發熱的人將在村史中記上一筆，並榮耀自己的家族。\r','0000-00-00 00:00:00','0000-00-00 00:00:00'),(273,'歪星訪客','https://uploads-ssl.webflow.com/575714cc825e8dbc6c83b98a/5c1cbeed0fcb83b1e94525e8_Visitor_Box.jpg',890,10,7,'一場80年代的外星人科幻冒險！一艘太空船墜毀在黑森林中，但它的防禦力場仍在運作。為何有些物品可以穿越力場，有些物品會被反彈呢？外星人制訂了防禦力場的穿越規則，與小朋友一起對抗所有探員。探員觀察哪些物品可以穿越防禦力場，哪些會被反彈，蒐集線索，隨時準備破解穿越規則。小朋友必須猜對哪些物品可以穿越防禦力場，哪些會被反彈，贏得外星人的信任，盡早破解穿越規則。把握時間，破解穿越規則！\r','0000-00-00 00:00:00','0000-00-00 00:00:00'),(274,'起司天堂','https://uploads-ssl.webflow.com/575714cc825e8dbc6c83b98a/5ab9197cfc0a929426add911_VivaTopo_BOX_3D_2016.jpg',1490,10,7,'在此遊戲中你能練習安排每隻老鼠的向前跑的時機、思考獲得最多起司的策略、躲避大餓貓的追捕，獲得滿滿的歡樂！\r','0000-00-00 00:00:00','0000-00-00 00:00:00'),(275,'魔戒聖戰','https://uploads-ssl.webflow.com/575714cc825e8dbc6c83b98a/5ab919c9c6b5aa49a5113467_WAR%20OF%20THE%20RING%20_Box_3D.jpg',2480,10,7,'《魔戒聖戰》是一款宏大的策略遊戲。玩家可以沉浸在. 托爾金的《魔戒》世界裡，體驗其中史詩般的劇情，跌宕起伏的衝突，以及令人刻骨銘心的角色們。\r','0000-00-00 00:00:00','0000-00-00 00:00:00'),(276,'傻傻玩2.0','https://uploads-ssl.webflow.com/575714cc825e8dbc6c83b98a/5ab919e7a14f105585a570cf_WATER_Box.jpg',390,10,7,'傻傻玩 是一款具速度感的遊戲，充滿樂趣且節奏明快，更增添了即時換牌的元素。當有玩家收集到四張相同的動物牌時，所有人盡快奪取一枚桌上的水滴，由於水總是不夠給所有的動物喝，最終的勝利將屬於反應最快的玩家。馬上行動吧！\r','0000-00-00 00:00:00','0000-00-00 00:00:00'),(277,'狼人','https://uploads-ssl.webflow.com/575714cc825e8dbc6c83b98a/5f1925aca6fdce7fea92b77d_WereWolves_2020_Box.jpg',390,10,7,'在沒有那麼久以前，與世隔絕的「天鵝村」中，村民們過著富足又安穩的日子。 一天，從塔布拉村逃到彌勒山谷、又逃到天鵝村的一位倖存者，對村民講訴狼人的兇殘故事。不久，狼人們嗅著倖存者的氣味尾隨而至，腥風血雨即將席捲這山腳下的寧靜村落。村民們是否具有消滅狼人的智慧與勇氣，接下來的這幾天幾夜，便是關鍵時刻！＋禮物擴充＋熱情的桌遊店老闆四處送禮，在詭譎多詐的變局中，收到禮物到底是福還是禍？\r','0000-00-00 00:00:00','0000-00-00 00:00:00'),(278,'狼人・隨身版','https://uploads-ssl.webflow.com/575714cc825e8dbc6c83b98a/5f1926d7b0780c147a2942c6_WereWolves_2020_Box_Travel.jpg',190,10,7,'在沒有那麼久以前，與世隔絕的「天鵝村」中，村民們過著富足又安穩的日子。 一天，從塔布拉村逃到彌勒山谷、又逃到天鵝村的一位倖存者，對村民講訴狼人的兇殘故事。不久，狼人們嗅著倖存者的氣味尾隨而至，腥風血雨即將席捲這山腳下的寧靜村落。村民們是否具有消滅狼人的智慧與勇氣，接下來的這幾天幾夜，便是關鍵時刻！＋禮物擴充＋熱情的桌遊店老闆四處送禮，在詭譎多詐的變局中，收到禮物到底是福還是禍？\r','0000-00-00 00:00:00','0000-00-00 00:00:00'),(279,'獅王難尋','https://uploads-ssl.webflow.com/575714cc825e8dbc6c83b98a/5ee832ee6bccee69b92c8c48_WhereIsTheKing_Box.jpg',890,10,7,'兩群獅子為了搶奪水源進行一場「達陣」或「擒王」的競賽。每隻獅子扮演一個角色：步兵、弓箭手、騎兵、戰車、國王或弄臣，各有不同的移動方式。但是對手並不知道你每隻獅子的真正角色，只能藉由牠們移動的方式來推估。如果你的獅王抵達對手底線的勝利格，你便「達陣」獲勝，或者，你吃掉對手的獅王，便「擒王」成功，但是如果你吃到了對手的弄臣，便將勝利拱手讓給了對方，麻煩就在弄臣的移動方式幾乎和獅王一樣，你能識破對手的詭計嗎？妥善調度每個角色，讓牠們發揮各自的長處，保護獅王長驅直入，或者簇擁著弄臣，一路將牠送入「獅」口，勝利就在不遠處！\r','0000-00-00 00:00:00','0000-00-00 00:00:00'),(280,'老二哲學','https://uploads-ssl.webflow.com/575714cc825e8dbc6c83b98a/5ab91ab8f9eb2fdb7898c6c1_Why1st_3D_Box.jpg',490,10,7,'當第一！很酷對吧？在這款瘋狂又節奏明快的遊戲中，你要搶當第二才能得到分數！這更酷了對吧！在5回合後得到第二高分的玩家獲得遊戲勝利。老二哲學你學得會嗎？沒什麼比這更刺激的了！\r','0000-00-00 00:00:00','0000-00-00 00:00:00'),(281,'非洲之旅','https://uploads-ssl.webflow.com/575714cc825e8dbc6c83b98a/5ab91ad9987c86db5253fae0_Wildlife%20Safari_Box_3D.jpg',890,10,7,'在這趟「非洲之旅」中，你會窺見獅子、犀牛、大象、花豹和斑馬的風采。\r','0000-00-00 00:00:00','0000-00-00 00:00:00'),(282,'神機妙算','https://uploads-ssl.webflow.com/575714cc825e8dbc6c83b98a/5ab91b06326fa9062eea3d3e_Wizard_Box_3D.jpg',390,10,7,'在巨石陣裡還有知名的魔法學院的時代，魔法學徒們從事許多活動來訓練和琢磨他們的魔力。其中一個活動就是玩『神機妙算』的紙牌遊戲，來發展和強化他們的預知天賦。學徒們必須用這盒魔法卡片，正確地預測他們每場遊戲將贏到的墩數。預測正確的話，就能得到經驗分數。在遊戲結束時，經驗分數最高的人贏得遊戲，並且升級成智者巫師。\r','0000-00-00 00:00:00','0000-00-00 00:00:00'),(283,'魔法照路','https://uploads-ssl.webflow.com/575714cc825e8dbc6c83b98a/5ab91b15326fa91d19ea3d48_Wizardry%20to%20the%20power%20of%20three%20_BOX_3D_SEAL.jpg',1160,10,7,'調皮的巫術學生在深夜偷溜到午夜市集採購魔法道具，然而看門鬼威利已經悄悄地跟在後頭！為了逃離看門鬼的追捕，學生必須找到正確的夜光精靈幫忙照路及/或使用魔法方能快速前進！所有學生都安全返抵校園，未被看門鬼抓到嗎？注意，時間越晚，看門鬼移動越迅速，把握時間，盡快返抵校園！\r','0000-00-00 00:00:00','0000-00-00 00:00:00'),(284,'蟲蟲密碼','https://uploads-ssl.webflow.com/575714cc825e8dbc6c83b98a/5ab91b22326fa9ee17ea3d5b_Woodlouse%20Chaos_Box_3D.jpg',490,10,7,'玩家輪流扮演噁心動物的馴蟲師，透過拍桌和拍手形成的「密碼」，讓大家猜猜看隱藏的紙牌上是哪種動物？不只如此，還得搶在別人之前喊出來，得到最多牌的玩家就是『蟲蟲密碼』達人！一款老少咸宜的瘋狂紙牌遊戲，快來體驗拍手、拍桌到心臟都快跳出來的快感吧！\r','0000-00-00 00:00:00','0000-00-00 00:00:00'),(285,'玄武門之變：太極篇','https://uploads-ssl.webflow.com/575714cc825e8dbc6c83b98a/5ab91b48fc0a9220dbaddb6c_Xuanwu%20Gate%20Incident_K_Box_3D.jpg',390,10,7,'「有時候連自己的兒子都能殺來吃了，更何況是與你奪權的兄弟。」李世民站在玄武門下如是說。佈局、合作、背叛、勸說，你玩的不是遊戲，是人心。只有成功掌控人心，你才有機會在這場權力鬥爭中獲得名為勝利的甜美果實！而掌控人心的訣竅，就在於讓對手知道你的下一步，使他不得不往你所設置的陷阱走去。於是，在遊戲開始前，讓我問問你！準備好讓對手知道你的下一步了嗎？\r','0000-00-00 00:00:00','0000-00-00 00:00:00'),(286,'玄武門之變：八卦篇','https://uploads-ssl.webflow.com/575714cc825e8dbc6c83b98a/5ab91b55fc0a924862addb7c_Xuanwu%20Gate%20Incident_Color_Box_3D.jpg',390,10,7,'「有時候連自己的兒子都能殺來吃了，更何況是與你奪權的兄弟。」李世民站在玄武門下如是說。佈局、合作、背叛、勸說，你玩的不是遊戲，是人心。只有成功掌控人心，你才有機會在這場權力鬥爭中獲得名為勝利的甜美果實！而掌控人心的訣竅，就在於讓對手知道你的下一步，使他不得不往你所設置的陷阱走去。於是，在遊戲開始前，讓我問問你！準備好讓對手知道你的下一步了嗎？\r','0000-00-00 00:00:00','0000-00-00 00:00:00'),(287,'動物園','https://uploads-ssl.webflow.com/575714cc825e8dbc6c83b98a/5ab91b88c6b5aa311e11375a_Zoff%20im%20Zoo_Box_3D.jpg',390,10,7,'這是一款動物之間食物鏈的大老二紙牌遊戲。每種動物各有天敵，也是某些動物的剋星，除了水生、陸生，還有水陸通吃的兩棲類。要壓過上家的牌，你必須打出較他多一張的相同動物，或者一樣多的該動物天敵。動物之間沒有絕對大也沒有絕對小，是否能一墩接一墩地吃下其他玩家的牌，首先將牌出完，就端看你安排牠們上場的組合與時機是否適切！\r','0000-00-00 00:00:00','0000-00-00 00:00:00'),(288,'動物園大亨','https://uploads-ssl.webflow.com/575714cc825e8dbc6c83b98a/5ab91b96fc0a92f44eaddc3a_Zooloretto_Box_3D.jpg',1160,10,7,'玩家各自經營一個動物園，藉由引進大量珍奇動物吸引遊客目光，以獲得分數。但務必留心！要妥善規劃你的園區，否則數量快速成長的動物很快就會無處可住，而導致扣分！必要時請不惜重金來擴建你的園區，以確保珍貴的動物們能獲得妥善的照顧！','0000-00-00 00:00:00','0000-00-00 00:00:00');
/*!40000 ALTER TABLE `items` ENABLE KEYS */;
UNLOCK TABLES;

--
-- Table structure for table `members`
--

DROP TABLE IF EXISTS `members`;
/*!40101 SET @saved_cs_client     = @@character_set_client */;
/*!50503 SET character_set_client = utf8mb4 */;
CREATE TABLE `members` (
  `userId` int NOT NULL COMMENT '會員編號',
  `userEmail` varchar(50) CHARACTER SET utf8mb4 COLLATE utf8mb4_unicode_ci NOT NULL COMMENT '會員電子郵件',
  `userPwd` char(40) CHARACTER SET utf8mb4 COLLATE utf8mb4_unicode_ci NOT NULL COMMENT '會員密碼',
  `userName` varchar(50) CHARACTER SET utf8mb4 COLLATE utf8mb4_unicode_ci NOT NULL COMMENT '會員姓名',
  `userNickname` varchar(50) CHARACTER SET utf8mb4 COLLATE utf8mb4_unicode_ci NOT NULL COMMENT '會員暱稱',
  `userGender` char(1) CHARACTER SET utf8mb4 COLLATE utf8mb4_unicode_ci NOT NULL COMMENT '會員性別',
  `userPhone` varchar(11) CHARACTER SET utf8mb4 COLLATE utf8mb4_unicode_ci NOT NULL COMMENT '會員手機號碼',
  `userImg` varchar(100) CHARACTER SET utf8mb4 COLLATE utf8mb4_unicode_ci NOT NULL COMMENT '會員大頭貼',
  `userBirthday` date NOT NULL COMMENT '會員出生年月日',
  `userAddress` varchar(100) CHARACTER SET utf8mb4 COLLATE utf8mb4_unicode_ci NOT NULL COMMENT '會員住址',
  `userBIN` int NOT NULL COMMENT '會員信用卡號',
  `created_at` datetime NOT NULL DEFAULT CURRENT_TIMESTAMP COMMENT '新增時間',
  `updated_at` datetime NOT NULL DEFAULT CURRENT_TIMESTAMP COMMENT '更新時間'
) ENGINE=InnoDB DEFAULT CHARSET=utf8mb4 COLLATE=utf8mb4_unicode_ci;
/*!40101 SET character_set_client = @saved_cs_client */;

--
-- Dumping data for table `members`
--

LOCK TABLES `members` WRITE;
/*!40000 ALTER TABLE `members` DISABLE KEYS */;
INSERT INTO `members` VALUES (1,'test000@gmail.com','f988c245b3c789a608b34cd1b7c1b612542dbd09','林志財','財哥','男','0956701197','20210511091339.jpg','2001-04-11','台北市信義區虎林街119號',0,'2021-07-03 20:26:38','2021-07-03 20:26:38'),(2,'bobo567@gmail.com','f988c245b3c789a608b34cd1b7c1b612542dbd09','林靜利','小靜','女','0912539668','20210514044333.jpg','2000-12-12','雲林縣斗六市北平路272號',0,'2021-07-03 20:30:20','2021-07-03 20:30:20'),(3,'apple0918@gmail.com','f988c245b3c789a608b34cd1b7c1b612542dbd09','張佩璇','佩璇','女','0928474076','20210511101842.jpg','1995-08-06','新北市土城區中央路三段254號',0,'2021-07-03 20:32:10','2021-07-03 20:32:10');
/*!40000 ALTER TABLE `members` ENABLE KEYS */;
UNLOCK TABLES;

--
-- Table structure for table `orders`
--

DROP TABLE IF EXISTS `orders`;
/*!40101 SET @saved_cs_client     = @@character_set_client */;
/*!50503 SET character_set_client = utf8mb4 */;
CREATE TABLE `orders` (
  `orderId` int NOT NULL COMMENT '流水號',
  `userName` varchar(50) CHARACTER SET utf8mb4 COLLATE utf8mb4_unicode_ci NOT NULL COMMENT '使用者帳號',
  `paymentTypeId` int DEFAULT NULL COMMENT '付款方式',
  `deliveryTypeId` int NOT NULL COMMENT '配送方式',
  `voucherId` int NOT NULL COMMENT '優惠券',
  `orderName` varchar(255) CHARACTER SET utf8 COLLATE utf8_general_ci NOT NULL COMMENT '訂購姓名',
  `orderMobile` varchar(255) CHARACTER SET utf8 COLLATE utf8_general_ci NOT NULL COMMENT '訂購電話',
  `orderMail` varchar(255) CHARACTER SET utf8 COLLATE utf8_general_ci NOT NULL COMMENT '訂購email',
  `orderAddress` varchar(255) CHARACTER SET utf8 COLLATE utf8_general_ci NOT NULL COMMENT '訂購地址',
  `created_at` datetime NOT NULL DEFAULT CURRENT_TIMESTAMP COMMENT '新增時間',
  `updated_at` datetime NOT NULL DEFAULT CURRENT_TIMESTAMP ON UPDATE CURRENT_TIMESTAMP COMMENT '更新時間',
  PRIMARY KEY (`orderId`),
  KEY `paymentTypeId` (`paymentTypeId`),
  KEY `orders_ibfk_1` (`userName`),
  KEY `deliveryTypeId` (`deliveryTypeId`),
  KEY `voucherId` (`voucherId`)
) ENGINE=InnoDB DEFAULT CHARSET=utf8mb4 COLLATE=utf8mb4_unicode_ci COMMENT='訂單資料表';
/*!40101 SET character_set_client = @saved_cs_client */;

--
-- Dumping data for table `orders`
--

LOCK TABLES `orders` WRITE;
/*!40000 ALTER TABLE `orders` DISABLE KEYS */;
/*!40000 ALTER TABLE `orders` ENABLE KEYS */;
UNLOCK TABLES;

--
-- Table structure for table `payment_types`
--

DROP TABLE IF EXISTS `payment_types`;
/*!40101 SET @saved_cs_client     = @@character_set_client */;
/*!50503 SET character_set_client = utf8mb4 */;
CREATE TABLE `payment_types` (
  `paymentTypeId` int NOT NULL COMMENT '流水號',
  `paymentTypeName` varchar(100) CHARACTER SET utf8mb4 COLLATE utf8mb4_unicode_ci NOT NULL COMMENT '付款方式名稱',
  `created_at` datetime NOT NULL DEFAULT CURRENT_TIMESTAMP COMMENT '新增時間',
  `updated_at` datetime NOT NULL DEFAULT CURRENT_TIMESTAMP ON UPDATE CURRENT_TIMESTAMP COMMENT '更新時間',
  PRIMARY KEY (`paymentTypeId`)
) ENGINE=InnoDB DEFAULT CHARSET=utf8mb4 COLLATE=utf8mb4_unicode_ci COMMENT='付款方式';
/*!40101 SET character_set_client = @saved_cs_client */;

--
-- Dumping data for table `payment_types`
--

LOCK TABLES `payment_types` WRITE;
/*!40000 ALTER TABLE `payment_types` DISABLE KEYS */;
INSERT INTO `payment_types` VALUES (1,'信用卡','2021-05-11 12:15:24','2021-06-30 19:12:38'),(2,'取貨付款','2021-05-11 19:24:56','2021-06-30 19:13:00');
/*!40000 ALTER TABLE `payment_types` ENABLE KEYS */;
UNLOCK TABLES;

--
-- Table structure for table `reservations`
--

DROP TABLE IF EXISTS `reservations`;
/*!40101 SET @saved_cs_client     = @@character_set_client */;
/*!50503 SET character_set_client = utf8mb4 */;
CREATE TABLE `reservations` (
  `reservationId` int NOT NULL COMMENT '預約編號',
  `userId` int NOT NULL COMMENT '會員編號',
  `date` date NOT NULL COMMENT '預約時間',
  `startTime` int NOT NULL COMMENT '開始時間,24小時制',
  `storeId` int NOT NULL COMMENT '分店編號',
  `numberOfPeople` tinyint NOT NULL COMMENT '預約人數範圍',
  `created_at` datetime NOT NULL DEFAULT CURRENT_TIMESTAMP COMMENT '新增時間',
  `updated_at` datetime NOT NULL DEFAULT CURRENT_TIMESTAMP ON UPDATE CURRENT_TIMESTAMP COMMENT '更新時間'
) ENGINE=InnoDB DEFAULT CHARSET=utf8mb4 COLLATE=utf8mb4_0900_ai_ci;
/*!40101 SET character_set_client = @saved_cs_client */;

--
-- Dumping data for table `reservations`
--

LOCK TABLES `reservations` WRITE;
/*!40000 ALTER TABLE `reservations` DISABLE KEYS */;
INSERT INTO `reservations` VALUES (1,1,'2021-07-21',13,2,6,'2021-05-13 11:37:03','2021-05-13 11:37:03'),(2,1,'2021-07-21',13,2,6,'2021-05-13 11:37:03','2021-05-13 11:37:03'),(3,2,'2021-07-21',13,2,6,'2021-05-13 11:37:03','2021-05-13 11:37:03'),(4,2,'2021-07-21',13,2,6,'2021-05-13 11:37:03','2021-05-13 11:37:03'),(1,1,'2021-07-30',13,2,6,'2021-07-06 22:45:19','2021-07-06 22:45:19');
/*!40000 ALTER TABLE `reservations` ENABLE KEYS */;
UNLOCK TABLES;

--
-- Table structure for table `store`
--

DROP TABLE IF EXISTS `store`;
/*!40101 SET @saved_cs_client     = @@character_set_client */;
/*!50503 SET character_set_client = utf8mb4 */;
CREATE TABLE `store` (
  `storeId` int NOT NULL COMMENT '分店編號',
  `storeName` varchar(20) CHARACTER SET utf8mb4 COLLATE utf8mb4_unicode_ci NOT NULL COMMENT '分店名稱',
  `phoneNum` varchar(10) CHARACTER SET utf8mb4 COLLATE utf8mb4_unicode_ci NOT NULL COMMENT '手機號碼',
  `cityTalk` varchar(13) CHARACTER SET utf8mb4 COLLATE utf8mb4_unicode_ci NOT NULL COMMENT '市話',
  `socialMedia` varchar(200) CHARACTER SET utf8mb4 COLLATE utf8mb4_unicode_ci NOT NULL COMMENT '社交軟體',
  `address` varchar(50) CHARACTER SET utf8mb4 COLLATE utf8mb4_unicode_ci NOT NULL COMMENT '地址',
  `storePhoto` varchar(100) CHARACTER SET utf8mb4 COLLATE utf8mb4_unicode_ci DEFAULT NULL COMMENT '照片名稱',
  `created_at` datetime NOT NULL DEFAULT CURRENT_TIMESTAMP COMMENT '新增時間',
  `updated_at` datetime NOT NULL DEFAULT CURRENT_TIMESTAMP ON UPDATE CURRENT_TIMESTAMP COMMENT '更新時間'
) ENGINE=InnoDB DEFAULT CHARSET=utf8mb4 COLLATE=utf8mb4_unicode_ci;
/*!40101 SET character_set_client = @saved_cs_client */;

--
-- Dumping data for table `store`
--

LOCK TABLES `store` WRITE;
/*!40000 ALTER TABLE `store` DISABLE KEYS */;
INSERT INTO `store` VALUES (1,'大安店','0906666265','(02)2703-6003','','台北市大安區通化街28巷2號',NULL,'2021-06-30 22:13:53','2021-06-30 22:13:53'),(2,'松山店','','(02)2579-8608','','台北市松山區八德路三段12巷11號',NULL,'2021-06-30 22:13:53','2021-06-30 22:13:53');
/*!40000 ALTER TABLE `store` ENABLE KEYS */;
UNLOCK TABLES;
/*!40103 SET TIME_ZONE=@OLD_TIME_ZONE */;

/*!40101 SET SQL_MODE=@OLD_SQL_MODE */;
/*!40014 SET FOREIGN_KEY_CHECKS=@OLD_FOREIGN_KEY_CHECKS */;
/*!40014 SET UNIQUE_CHECKS=@OLD_UNIQUE_CHECKS */;
/*!40101 SET CHARACTER_SET_CLIENT=@OLD_CHARACTER_SET_CLIENT */;
/*!40101 SET CHARACTER_SET_RESULTS=@OLD_CHARACTER_SET_RESULTS */;
/*!40101 SET COLLATION_CONNECTION=@OLD_COLLATION_CONNECTION */;
/*!40111 SET SQL_NOTES=@OLD_SQL_NOTES */;

-- Dump completed on 2021-07-07 14:19:03
